url,information,date_time
https://www.fincaraiz.com.co//apartamento-en-arriendo-en-pasadena-bogota/193082037,"{'title': 'Apartamento en Arriendo en Pasadena, Bogotá', 'pricing': '$ 2.900.000', 'bedrooms': '2 Habs.', 'bathrooms': '2 |  Baño | s', 'area': '60 |   | m²', 'location': 'Suba | Ilarco', 'details': [{'Tipo de Inmueble': 'Apartamento'}, {'Estado': 'Usado'}, {'Baños': '2'}, {'Antigüedad': '16 a 30 años'}, {'Habitaciones': '2'}, {'Parqueaderos': '1'}, {'Área Construida': '60 m2'}, {'Área Privada': '50 m2'}, {'Estrato': '5'}, {'Administración': '¡Pregúntale!'}, {'Piso N°': '5'}, {'Cantidad de Pisos': '1'}, {'Acepta mascotas': '¡Pregúntale!'}, {'Contrato Mínimo': '¡Pregúntale!'}, {'Documentación requerida': '¡Pregúntale!'}]}",2025-11-20 18:06:01.906546+00:00
https://www.fincaraiz.com.co//apartamento-en-arriendo-en-chico-reservado-bogota/192876249,"{'title': 'Apartamento en Arriendo en Chicó Reservado, Bogotá', 'pricing': '$ 5.800.000', 'bedrooms': '2 Habs.', 'bathrooms': '2 |  Baño | s', 'area': '88 |   | m²', 'location': 'Chicó Reservado', 'details': [{'Tipo de Inmueble': 'Apartamento'}, {'Estado': 'Usado'}, {'Baños': '2'}, {'Antigüedad': '16 a 30 años'}, {'Habitaciones': '2'}, {'Distancia al Mar': '¡Pregúntale!'}, {'Vista al Mar': '¡Pregúntale!'}, {'Parqueaderos': '2'}, {'Parqueaderos': '2'}, {'Cantidad de Ambientes': '¡Pregúntale!'}, {'Área Construida': '88 m2'}, {'Área Privada': '88 m2'}, {'Estrato': '6'}, {'Administración': '¡Pregúntale!'}, {'Piso N°': '¡Pregúntale!'}, {'Cantidad de Pisos': '3'}, {'Acepta mascotas': '¡Pregúntale!'}, {'Contrato Mínimo': '¡Pregúntale!'}, {'Documentación requerida': '¡Pregúntale!'}]}",2025-11-20 18:06:01.928113+00:00
https://www.fincaraiz.com.co//apartaestudio-en-arriendo-en-casa-blanca-suba-bogota/192734385,"{'title': 'Apartaestudio en Arriendo en Casa blanca suba, Bogotá', 'pricing': '$ 1.850.000', 'bedrooms': '1 Hab.', 'bathrooms': '1 |  Baño', 'area': '45 |   | m²', 'location': 'Suba | Casa blanca suba', 'details': [{'Tipo de Inmueble': 'Apartaestudio'}, {'Estado': 'Nuevo'}, {'Baños': '1'}, {'Antigüedad': '¡Pregúntale!'}, {'Habitaciones': '1'}, {'Parqueaderos': '1'}, {'Área Construida': '45 m2'}, {'Área Privada': '45 m2'}, {'Estrato': '4'}, {'Administración': '¡Pregúntale!'}, {'Piso N°': '3'}, {'Cantidad de Pisos': '1'}, {'Acepta mascotas': '¡Pregúntale!'}, {'Contrato Mínimo': '¡Pregúntale!'}, {'Documentación requerida': '¡Pregúntale!'}]}",2025-11-20 18:06:01.935111+00:00
https://www.fincaraiz.com.co//apartamento-en-arriendo-en-madelena-bogota/192556338,"{'title': 'Apartamento en Arriendo en Madelena, Bogotá', 'pricing': '$ 875.550', 'bedrooms': '2 Habs.', 'bathrooms': '1 |  Baño', 'area': '40 |   | m²', 'location': 'Ciudad bolivar | Madelena', 'details': [{'Tipo de Inmueble': 'Apartamento'}, {'Estado': 'Usado'}, {'Baños': '1'}, {'Antigüedad': '1 a 8 años'}, {'Habitaciones': '2'}, {'Parqueaderos': '¡Pregúntale!'}, {'Área Construida': '40 m2'}, {'Área Privada': '40 m2'}, {'Estrato': '3'}, {'Administración': '$ 124.450'}, {'Piso N°': '¡Pregúntale!'}, {'Cantidad de Pisos': '¡Pregúntale!'}, {'Acepta mascotas': '¡Pregúntale!'}, {'Contrato Mínimo': '¡Pregúntale!'}, {'Documentación requerida': '¡Pregúntale!'}]}",2025-11-20 18:06:01.940962+00:00
https://www.fincaraiz.com.co//oficina-en-arriendo-en-usaquen-bogota/10520463,"{'title': 'Oficina en arriendo en Usaquen, Bogotá', 'pricing': '$ 2.500.000', 'bedrooms': '0 |  Ambiente | s', 'bathrooms': '46 |   | m²', 'area': None, 'location': 'Barrancas Norte', 'details': [{'Tipo de Inmueble': 'Oficina'}, {'Estado': '¡Pregúntale!'}, {'Baños': '¡Pregúntale!'}, {'Antigüedad': '16 a 30 años'}, {'Parqueaderos': '1'}, {'Cantidad de Ambientes': '¡Pregúntale!'}, {'Área Construida': '¡Pregúntale!'}, {'Área Privada': '42 m2'}, {'Estrato': '4'}, {'Administración': '¡Pregúntale!'}, {'Piso N°': '10'}, {'Cantidad de Pisos': '¡Pregúntale!'}, {'Acepta mascotas': '¡Pregúntale!'}, {'Contrato Mínimo': '¡Pregúntale!'}, {'Documentación requerida': '¡Pregúntale!'}]}",2025-11-20 18:06:01.948102+00:00
https://www.fincaraiz.com.co//oficina-en-arriendo-en-chico-norte-bogota/10924799,"{'title': 'Oficina en arriendo en Chico norte, Bogotá', 'pricing': '$ 8.000.000', 'bedrooms': '1 |  Ambiente', 'bathrooms': '1 |  Baño', 'area': '78.27 |   | m²', 'location': 'Chico norte', 'details': [{'Tipo de Inmueble': 'Oficina'}, {'Estado': '¡Pregúntale!'}, {'Baños': '1'}, {'Antigüedad': '1 a 8 años'}, {'Parqueaderos': '2'}, {'Cantidad de Ambientes': '1'}, {'Área Construida': '78,27 m2'}, {'Área Privada': '78,27 m2'}, {'Estrato': '6'}, {'Administración': '$ 1.262.000'}, {'Piso N°': '¡Pregúntale!'}, {'Cantidad de Pisos': '1'}, {'Acepta mascotas': '¡Pregúntale!'}, {'Contrato Mínimo': '¡Pregúntale!'}, {'Documentación requerida': '¡Pregúntale!'}]}",2025-11-20 18:06:01.954063+00:00
https://www.fincaraiz.com.co//apartamento-en-arriendo-en-el-plan-bogota/192959802,"{'title': 'Apartamento en Arriendo en El plan, Bogotá', 'pricing': '$ 2.000.000', 'bedrooms': '1 Hab.', 'bathrooms': '1 |  Baño', 'area': '36 |   | m²', 'location': 'Suba | Veramonte Macana', 'details': [{'Tipo de Inmueble': 'Apartamento'}, {'Estado': 'Usado'}, {'Baños': '1'}, {'Antigüedad': 'menor a 1 año'}, {'Habitaciones': '1'}, {'Parqueaderos': '¡Pregúntale!'}, {'Cantidad de Ambientes': '¡Pregúntale!'}, {'Área Construida': '36 m2'}, {'Área Privada': '36 m2'}, {'Estrato': '4'}, {'Administración': '¡Pregúntale!'}, {'Piso N°': '¡Pregúntale!'}, {'Cantidad de Pisos': '1'}, {'Acepta mascotas': '¡Pregúntale!'}, {'Contrato Mínimo': '¡Pregúntale!'}, {'Documentación requerida': '¡Pregúntale!'}]}",2025-11-20 18:06:01.962321+00:00
https://www.fincaraiz.com.co//apartaestudio-en-arriendo-en-chapinero-alto-bogota/5014434,"{'title': 'Apartaestudio en arriendo en Chapinero Alto, Bogotá', 'pricing': '$ 1.435.000', 'bedrooms': '1 Hab.', 'bathrooms': '1 |  Baño', 'area': '24 |   | m²', 'location': 'El Castillo Chapinero', 'details': [{'Tipo de Inmueble': 'Apartaestudio'}, {'Estado': 'Excelente estado'}, {'Baños': '1'}, {'Antigüedad': 'menor a 1 año'}, {'Habitaciones': '1'}, {'Parqueaderos': '¡Pregúntale!'}, {'Área Construida': '24 m2'}, {'Área Privada': '24 m2'}, {'Estrato': '4'}, {'Administración': '$ 189.000'}, {'Piso N°': '¡Pregúntale!'}, {'Cantidad de Pisos': '3'}, {'Acepta mascotas': '¡Pregúntale!'}, {'Contrato Mínimo': '¡Pregúntale!'}, {'Documentación requerida': '¡Pregúntale!'}]}",2025-11-20 18:06:01.969912+00:00
https://www.fincaraiz.com.co//apartamento-en-arriendo-en-chico-norte-bogota/193109157,"{'title': 'Apartamento en Arriendo en Chico norte, Bogotá', 'pricing': '$ 4.000.000', 'bedrooms': '2 Habs.', 'bathrooms': '2 |  Baño | s', 'area': '59 |   | m²', 'location': 'Chico norte', 'details': [{'Tipo de Inmueble': 'Apartamento'}, {'Estado': 'Usado'}, {'Baños': '2'}, {'Antigüedad': '9 a 15 años'}, {'Habitaciones': '2'}, {'Parqueaderos': '1'}, {'Área Construida': '59 m2'}, {'Área Privada': '¡Pregúntale!'}, {'Estrato': '5'}, {'Administración': '¡Pregúntale!'}, {'Piso N°': '3'}, {'Cantidad de Pisos': '¡Pregúntale!'}, {'Acepta mascotas': '¡Pregúntale!'}, {'Contrato Mínimo': '¡Pregúntale!'}, {'Documentación requerida': '¡Pregúntale!'}]}",2025-11-20 18:06:03.147516+00:00
https://www.fincaraiz.com.co//apartaestudio-en-arriendo-en-chapinero-alto-bogota/193016624,"{'title': 'Apartaestudio en Arriendo en Chapinero Alto, Bogotá', 'pricing': '$ 1.760.000', 'bedrooms': '1 Hab.', 'bathrooms': '1 |  Baño', 'area': '26 |   | m²', 'location': 'El Castillo Chapinero', 'details': [{'Tipo de Inmueble': 'Apartaestudio'}, {'Estado': 'Usado'}, {'Baños': '1'}, {'Antigüedad': '1 a 8 años'}, {'Habitaciones': '1'}, {'Distancia al Mar': '¡Pregúntale!'}, {'Vista al Mar': '¡Pregúntale!'}, {'Parqueaderos': '¡Pregúntale!'}, {'Parqueaderos': '¡Pregúntale!'}, {'Cantidad de Ambientes': '¡Pregúntale!'}, {'Área Construida': '26 m2'}, {'Área Privada': '26 m2'}, {'Estrato': '4'}, {'Administración': '$ 189.000'}, {'Piso N°': '¡Pregúntale!'}, {'Cantidad de Pisos': '3'}, {'Acepta mascotas': '¡Pregúntale!'}, {'Contrato Mínimo': '¡Pregúntale!'}, {'Documentación requerida': '¡Pregúntale!'}]}",2025-11-20 18:06:03.192843+00:00
https://www.fincaraiz.com.co//oficina-en-arriendo-en-chico-norte-bogota/192834821,"{'title': 'Oficina en Arriendo en Chico norte, Bogotá', 'pricing': '$ 5.000.000', 'bedrooms': '5 |  Ambiente | s', 'bathrooms': '1 |  Baño', 'area': '120 |   | m²', 'location': 'Usaquen | Barrios Unidos', 'details': [{'Tipo de Inmueble': 'Oficina'}, {'Estado': 'Usado'}, {'Baños': '1'}, {'Antigüedad': '1 a 8 años'}, {'Habitaciones': '¡Pregúntale!'}, {'Distancia al Mar': '¡Pregúntale!'}, {'Vista al Mar': '¡Pregúntale!'}, {'Parqueaderos': '2'}, {'Cantidad de Ambientes': '5'}, {'Parqueaderos': '2'}, {'Cantidad de Ambientes': '5'}, {'Área Construida': '¡Pregúntale!'}, {'Área Privada': '¡Pregúntale!'}, {'Estrato': '4'}, {'Administración': '$ 1.424.000'}, {'Piso N°': '4'}, {'Cantidad de Pisos': '3'}, {'Acepta mascotas': '¡Pregúntale!'}, {'Contrato Mínimo': '¡Pregúntale!'}, {'Documentación requerida': '¡Pregúntale!'}]}",2025-11-20 18:06:03.219717+00:00
https://www.fincaraiz.com.co//apartamento-en-arriendo-en-el-contador-bogota/193062086,"{'title': 'Apartamento en Arriendo en El contador, Bogotá', 'pricing': '$ 3.550.000', 'bedrooms': '3 Habs.', 'bathrooms': '3 |  Baño | s', 'area': '197 |   | m²', 'location': 'Usaquen | El contador', 'details': [{'Tipo de Inmueble': 'Apartamento'}, {'Estado': 'Excelente estado'}, {'Baños': '3'}, {'Antigüedad': '9 a 15 años'}, {'Habitaciones': '3'}, {'Distancia al Mar': '¡Pregúntale!'}, {'Vista al Mar': '¡Pregúntale!'}, {'Parqueaderos': '2'}, {'Parqueaderos': '2'}, {'Cantidad de Ambientes': '3'}, {'Área Construida': '197 m2'}, {'Área Privada': '197 m2'}, {'Estrato': '5'}, {'Administración': '$ 950.000'}, {'Piso N°': '2'}, {'Cantidad de Pisos': '1'}, {'Acepta mascotas': '¡Pregúntale!'}, {'Contrato Mínimo': '¡Pregúntale!'}, {'Documentación requerida': '¡Pregúntale!'}]}",2025-11-20 18:06:03.237888+00:00
https://www.fincaraiz.com.co//local-en-arriendo-en-engativa-bogota/192750277,"{'title': 'Local en Arriendo en Engativá, Bogotá', 'pricing': '$ 4.500.000', 'bedrooms': '0 |  Ambiente | s', 'bathrooms': '2 |  Baño | s', 'area': '80 |   | m²', 'location': 'Engativá', 'details': [{'Tipo de Inmueble': 'Local'}, {'Estado': 'Usado'}, {'Baños': '2'}, {'Antigüedad': 'más de 30 años'}, {'Habitaciones': '¡Pregúntale!'}, {'Distancia al Mar': '¡Pregúntale!'}, {'Vista al Mar': '¡Pregúntale!'}, {'Parqueaderos': '¡Pregúntale!'}, {'Cantidad de Ambientes': '¡Pregúntale!'}, {'Parqueaderos': '¡Pregúntale!'}, {'Cantidad de Ambientes': '¡Pregúntale!'}, {'Área Construida': '80 m2'}, {'Área Privada': '80 m2'}, {'Estrato': '3'}, {'Administración': '¡Pregúntale!'}, {'Piso N°': '¡Pregúntale!'}, {'Cantidad de Pisos': '1'}, {'Acepta mascotas': '¡Pregúntale!'}, {'Contrato Mínimo': '¡Pregúntale!'}, {'Documentación requerida': '¡Pregúntale!'}]}",2025-11-20 18:06:03.247261+00:00
https://www.fincaraiz.com.co//apartamento-en-arriendo-en-favidi-bogota/192261924,"{'title': 'Apartamento en Arriendo en Favidi, Bogotá', 'pricing': '$ 1.150.000', 'bedrooms': '3 Habs.', 'bathrooms': '1 |  Baño', 'area': '52.32 |   | m²', 'location': 'Kennedy | Favidi', 'details': [{'Tipo de Inmueble': 'Apartamento'}, {'Estado': 'Usado'}, {'Baños': '1'}, {'Antigüedad': 'más de 30 años'}, {'Habitaciones': '3'}, {'Parqueaderos': '¡Pregúntale!'}, {'Cantidad de Ambientes': '¡Pregúntale!'}, {'Área Construida': '¡Pregúntale!'}, {'Área Privada': '¡Pregúntale!'}, {'Estrato': '3'}, {'Administración': '¡Pregúntale!'}, {'Piso N°': '¡Pregúntale!'}, {'Cantidad de Pisos': '¡Pregúntale!'}, {'Cantidad de pisos': '¡Pregúntale!'}, {'Acepta mascotas': '¡Pregúntale!'}, {'Contrato Mínimo': '¡Pregúntale!'}, {'Documentación requerida': '¡Pregúntale!'}]}",2025-11-20 18:06:03.268456+00:00
https://www.fincaraiz.com.co//apartamento-en-arriendo-en-nicolas-de-federman-bogota/192852978,"{'title': 'Apartamento en Arriendo en Nicolas de federman, Bogotá', 'pricing': '$ 2.700.000', 'bedrooms': '2 Habs.', 'bathrooms': '2 |  Baño | s', 'area': '52 |   | m²', 'location': 'Teusaquillo | Nicolas de federman', 'details': [{'Tipo de Inmueble': 'Apartamento'}, {'Estado': 'Usado'}, {'Baños': '2'}, {'Antigüedad': '1 a 8 años'}, {'Habitaciones': '2'}, {'Distancia al Mar': '¡Pregúntale!'}, {'Vista al Mar': '¡Pregúntale!'}, {'Parqueaderos': '1'}, {'Parqueaderos': '1'}, {'Cantidad de Ambientes': '¡Pregúntale!'}, {'Área Construida': '52 m2'}, {'Área Privada': '52 m2'}, {'Estrato': '4'}, {'Administración': '¡Pregúntale!'}, {'Piso N°': '¡Pregúntale!'}, {'Cantidad de Pisos': '1'}, {'Acepta mascotas': '¡Pregúntale!'}, {'Contrato Mínimo': '¡Pregúntale!'}, {'Documentación requerida': '¡Pregúntale!'}]}",2025-11-20 18:06:03.277508+00:00
https://www.fincaraiz.com.co//apartaestudio-en-arriendo-en-centro-internacional-bogota/192780404,"{'title': 'Apartaestudio en Arriendo en Centro Internacional, Bogotá', 'pricing': '$ 1.900.000', 'bedrooms': '1 Hab.', 'bathrooms': '1 |  Baño', 'area': '31 |   | m²', 'location': 'Santafe | Teusaquillo', 'details': [{'Tipo de Inmueble': 'Apartaestudio'}, {'Estado': 'Usado'}, {'Baños': '1'}, {'Área Construida': '31 m2'}, {'Antigüedad': '¡Pregúntale!'}, {'Habitaciones': '1'}, {'Parqueaderos': '¡Pregúntale!'}, {'Área Privada': '31 m2'}, {'Estrato': '4'}, {'Administración': '$ 300.000'}, {'Piso N°': '¡Pregúntale!'}, {'Cantidad de pisos': '¡Pregúntale!'}, {'Acepta mascotas': '¡Pregúntale!'}, {'Contrato Mínimo': '¡Pregúntale!'}, {'Documentación requerida': '¡Pregúntale!'}]}",2025-11-20 18:06:03.311460+00:00
https://www.fincaraiz.com.co//bodega-en-arriendo-en-fontibon-bogota/193017021,"{'title': 'Bodega en Arriendo en Fontibon, Bogotá', 'pricing': '$ 135.659.100', 'bedrooms': '0 |  Ambiente | s', 'bathrooms': '10 |  Baño | s', 'area': '4521 |   | m²', 'location': 'Fontibon', 'details': [{'Tipo de Inmueble': 'Bodega'}, {'Estado': 'Usado'}, {'Baños': '10'}, {'Antigüedad': '16 a 30 años'}, {'Parqueaderos': '6'}, {'Cantidad de Ambientes': '¡Pregúntale!'}, {'Área Construida': '4.521 m2'}, {'Área Privada': '4.521 m2'}, {'Estrato': 'Sin Definir'}, {'Piso N°': '¡Pregúntale!'}, {'Cantidad de pisos': '1'}, {'Acepta mascotas': '¡Pregúntale!'}, {'Contrato Mínimo': '¡Pregúntale!'}, {'Documentación requerida': '¡Pregúntale!'}]}",2025-11-20 18:06:03.448969+00:00
https://www.fincaraiz.com.co//apartamento-en-arriendo-en-santa-barbara-bogota/192845705,"{'title': 'Apartamento en Arriendo en Santa Barbara, Bogotá', 'pricing': '$ 3.000.000', 'bedrooms': '1 Hab.', 'bathrooms': '2 |  Baño | s', 'area': '56 |   | m²', 'location': 'Usaquen | Santa barbara central', 'details': [{'Tipo de Inmueble': 'Apartamento'}, {'Estado': 'Usado'}, {'Baños': '2'}, {'Antigüedad': 'menor a 1 año'}, {'Habitaciones': '1'}, {'Parqueaderos': '1'}, {'Área Construida': '¡Pregúntale!'}, {'Área Privada': '56 m2'}, {'Estrato': '6'}, {'Administración': '$ 400.000'}, {'Piso N°': '¡Pregúntale!'}, {'Cantidad de Pisos': '1'}, {'Acepta mascotas': '¡Pregúntale!'}, {'Contrato Mínimo': '¡Pregúntale!'}, {'Documentación requerida': '¡Pregúntale!'}]}",2025-11-20 18:06:03.534332+00:00
https://www.fincaraiz.com.co//apartamento-en-arriendo-en-nueva-castilla-bogota/193051042,"{'title': 'Apartamento en Arriendo en Nueva Castilla, Bogotá', 'pricing': '$ 1.130.000', 'bedrooms': '2 Habs.', 'bathrooms': '2 |  Baño | s', 'area': '47 |   | m²', 'location': 'Kennedy | Tintala', 'details': [{'Tipo de Inmueble': 'Apartamento'}, {'Estado': 'Usado'}, {'Baños': '2'}, {'Antigüedad': '9 a 15 años'}, {'Habitaciones': '2'}, {'Parqueaderos': '¡Pregúntale!'}, {'Área Construida': '47 m2'}, {'Área Privada': '47 m2'}, {'Estrato': '3'}, {'Administración': '¡Pregúntale!'}, {'Piso N°': '¡Pregúntale!'}, {'Cantidad de Pisos': '1'}, {'Acepta mascotas': '¡Pregúntale!'}, {'Contrato Mínimo': '¡Pregúntale!'}, {'Documentación requerida': '¡Pregúntale!'}]}",2025-11-20 18:06:03.591595+00:00
https://www.fincaraiz.com.co//casa-en-arriendo-en-quinta-camacho-bogota/192239258,"{'title': 'Casa en  Arriendo en Quinta camacho, Bogotá', 'pricing': '$ 28.000.000', 'bedrooms': '2 Habs.', 'bathrooms': '540 |   | m²', 'area': None, 'location': 'Quinta camacho', 'details': [{'Tipo de Inmueble': 'Casa'}, {'Estado': 'Usado'}, {'Baños': '¡Pregúntale!'}, {'Antigüedad': 'más de 30 años'}, {'Habitaciones': '2'}, {'Parqueaderos': '¡Pregúntale!'}, {'Área Construida': '540 m2'}, {'Área del terreno': '¡Pregúntale!'}, {'Área Privada': '540 m2'}, {'Estrato': '5'}, {'Piso N°': '¡Pregúntale!'}, {'Cantidad de pisos': '1'}, {'Acepta mascotas': '¡Pregúntale!'}, {'Contrato Mínimo': '¡Pregúntale!'}, {'Documentación requerida': '¡Pregúntale!'}]}",2025-11-20 18:06:03.648783+00:00
https://www.fincaraiz.com.co//apartamento-en-arriendo-en-usaquen-bogota/193059352,"{'title': 'Apartamento en Arriendo en Usaquen, Bogotá', 'pricing': '$ 3.100.000', 'bedrooms': '3 Habs.', 'bathrooms': '2 |  Baño | s', 'area': '75 |   | m²', 'location': 'Usaquen | Barrancas Norte', 'details': [{'Tipo de Inmueble': 'Apartamento'}, {'Estado': 'Usado'}, {'Baños': '2'}, {'Antigüedad': '1 a 8 años'}, {'Habitaciones': '3'}, {'Parqueaderos': '1'}, {'Área Construida': '75 m2'}, {'Área Privada': '¡Pregúntale!'}, {'Estrato': '4'}, {'Administración': '¡Pregúntale!'}, {'Piso N°': '20'}, {'Cantidad de Pisos': '1'}, {'Acepta mascotas': '¡Pregúntale!'}, {'Contrato Mínimo': '¡Pregúntale!'}, {'Documentación requerida': '¡Pregúntale!'}]}",2025-11-20 18:06:03.654485+00:00
https://www.fincaraiz.com.co//apartamento-en-arriendo-en-ciudad-salitre-bogota/192947551,"{'title': 'Apartamento en Arriendo en Ciudad salitre, Bogotá', 'pricing': '$ 2.000.000', 'bedrooms': '1 Hab.', 'bathrooms': '1 |  Baño', 'area': '28 |   | m²', 'location': 'La esperanza norte', 'details': [{'Tipo de Inmueble': 'Apartamento'}, {'Estado': 'Nuevo'}, {'Baños': '1'}, {'Antigüedad': 'menor a 1 año'}, {'Habitaciones': '1'}, {'Distancia al Mar': '¡Pregúntale!'}, {'Vista al Mar': '¡Pregúntale!'}, {'Parqueaderos': '¡Pregúntale!'}, {'Parqueaderos': '¡Pregúntale!'}, {'Cantidad de Ambientes': '1'}, {'Área Construida': '28 m2'}, {'Área Privada': '28 m2'}, {'Estrato': '5'}, {'Administración': '¡Pregúntale!'}, {'Piso N°': '¡Pregúntale!'}, {'Cantidad de Pisos': '1'}, {'Acepta mascotas': '¡Pregúntale!'}, {'Contrato Mínimo': '¡Pregúntale!'}, {'Documentación requerida': '¡Pregúntale!'}]}",2025-11-20 18:06:03.665970+00:00
https://www.fincaraiz.com.co//apartamento-en-arriendo-en-alameda-bogota/192936399,"{'title': 'Apartamento en Arriendo en Alameda, Bogotá', 'pricing': '$ 1.600.000', 'bedrooms': '2 Habs.', 'bathrooms': '1 |  Baño', 'area': '39 |   | m²', 'location': 'Usaquen | Alameda', 'details': [{'Tipo de Inmueble': 'Apartamento'}, {'Estado': 'Usado'}, {'Baños': '1'}, {'Antigüedad': 'menor a 1 año'}, {'Habitaciones': '2'}, {'Parqueaderos': '¡Pregúntale!'}, {'Área Construida': '39 m2'}, {'Área Privada': '39 m2'}, {'Estrato': '3'}, {'Administración': '¡Pregúntale!'}, {'Piso N°': '¡Pregúntale!'}, {'Cantidad de Pisos': '1'}, {'Acepta mascotas': '¡Pregúntale!'}, {'Contrato Mínimo': '¡Pregúntale!'}, {'Documentación requerida': '¡Pregúntale!'}]}",2025-11-20 18:06:03.681572+00:00
https://www.fincaraiz.com.co//apartamento-en-arriendo-en-ciudad-salitre-bogota/192261180,"{'title': 'Apartamento en Arriendo en Ciudad salitre, Bogotá', 'pricing': '$ 3.930.000', 'bedrooms': '3 Habs.', 'bathrooms': '2 |  Baño | s', 'area': '100 |   | m²', 'location': 'Ciudad Salitre Occidental', 'details': [{'Tipo de Inmueble': 'Apartamento'}, {'Estado': 'Excelente estado'}, {'Baños': '2'}, {'Antigüedad': '16 a 30 años'}, {'Habitaciones': '3'}, {'Distancia al Mar': '¡Pregúntale!'}, {'Vista al Mar': '¡Pregúntale!'}, {'Parqueaderos': '1'}, {'Parqueaderos': '1'}, {'Cantidad de Ambientes': '3'}, {'Área Construida': '100 m2'}, {'Área Privada': '100 m2'}, {'Estrato': '4'}, {'Administración': '$ 370.000'}, {'Piso N°': '¡Pregúntale!'}, {'Cantidad de Pisos': '¡Pregúntale!'}, {'Acepta mascotas': '¡Pregúntale!'}, {'Contrato Mínimo': '¡Pregúntale!'}, {'Documentación requerida': '¡Pregúntale!'}]}",2025-11-20 18:06:03.687536+00:00
https://www.fincaraiz.com.co//apartaestudio-en-arriendo-en-chapinero-bogota/192575903,"{'title': 'Apartaestudio en Arriendo en Chapinero, Bogotá', 'pricing': '$ 3.200.000', 'bedrooms': '1 Hab.', 'bathrooms': '2 |  Baño | s', 'area': '54 |   | m²', 'location': 'Maria cristina', 'details': [{'Tipo de Inmueble': 'Apartaestudio'}, {'Estado': 'Usado'}, {'Baños': '2'}, {'Antigüedad': '9 a 15 años'}, {'Habitaciones': '1'}, {'Parqueaderos': '1'}, {'Área Construida': '54 m2'}, {'Área Privada': '54 m2'}, {'Estrato': '5'}, {'Administración': '¡Pregúntale!'}, {'Piso N°': '5'}, {'Cantidad de Pisos': '¡Pregúntale!'}, {'Acepta mascotas': '¡Pregúntale!'}, {'Contrato Mínimo': '¡Pregúntale!'}, {'Documentación requerida': '¡Pregúntale!'}]}",2025-11-20 18:06:03.701705+00:00
https://www.fincaraiz.com.co//casa-en-arriendo-en-la-soledad-bogota/192662664,"{'title': 'Casa en Arriendo en La soledad, Bogotá', 'pricing': '$ 8.000.000', 'bedrooms': '4 Habs.', 'bathrooms': '4 |  Baño | s', 'area': '377 |   | m²', 'location': 'Teusaquillo | La soledad', 'details': [{'Tipo de Inmueble': 'Casa'}, {'Estado': 'Usado'}, {'Baños': '4'}, {'Antigüedad': 'más de 30 años'}, {'Habitaciones': '4'}, {'Parqueaderos': '4'}, {'Área Construida': '377 m2'}, {'Área del terreno': '377 m2'}, {'Área Privada': '377 m2'}, {'Estrato': '4'}, {'Piso N°': '1'}, {'Cantidad de pisos': '¡Pregúntale!'}, {'Acepta mascotas': '¡Pregúntale!'}, {'Contrato Mínimo': '¡Pregúntale!'}, {'Documentación requerida': '¡Pregúntale!'}]}",2025-11-20 18:06:03.707391+00:00
https://www.fincaraiz.com.co//apartamento-en-arriendo-en-gran-america-bogota/192796645,"{'title': 'Apartamento en Arriendo en Gran america, Bogotá', 'pricing': '$ 1.240.000', 'bedrooms': '1 Hab.', 'bathrooms': '1 |  Baño', 'area': '21 |   | m²', 'location': 'Puente aranda | La florida occidental', 'details': [{'Tipo de Inmueble': 'Apartamento'}, {'Estado': 'Excelente estado'}, {'Baños': '1'}, {'Antigüedad': '1 a 8 años'}, {'Habitaciones': '1'}, {'Parqueaderos': '¡Pregúntale!'}, {'Área Construida': '21 m2'}, {'Área Privada': '21 m2'}, {'Estrato': '4'}, {'Administración': '$ 210.000'}, {'Piso N°': '¡Pregúntale!'}, {'Cantidad de Pisos': '1'}, {'Acepta mascotas': '¡Pregúntale!'}, {'Contrato Mínimo': '¡Pregúntale!'}, {'Documentación requerida': '¡Pregúntale!'}]}",2025-11-20 18:06:03.716166+00:00
https://www.fincaraiz.com.co//apartamento-en-arriendo-en-cerros-de-suba-bogota/192648174,"{'title': 'Apartamento en Arriendo en Cerros de Suba, Bogotá', 'pricing': '$ 4.050.000', 'bedrooms': '3 Habs.', 'bathrooms': '2 |  Baño | s', 'area': '98 |   | m²', 'location': 'Suba | Vereda suba naranjos', 'details': [{'Tipo de Inmueble': 'Apartamento'}, {'Estado': 'Usado'}, {'Baños': '2'}, {'Área Construida': '98 m2'}, {'Antigüedad': '9 a 15 años'}, {'Habitaciones': '3'}, {'Parqueaderos': '2'}, {'Área Privada': '98 m2'}, {'Estrato': '6'}, {'Administración': '¡Pregúntale!'}, {'Piso N°': '5'}, {'Cantidad de pisos': '¡Pregúntale!'}, {'Acepta mascotas': '¡Pregúntale!'}, {'Contrato Mínimo': '¡Pregúntale!'}, {'Documentación requerida': '¡Pregúntale!'}]}",2025-11-20 18:06:03.726649+00:00
https://www.fincaraiz.com.co//apartamento-en-arriendo-en-santa-bibiana-bogota/192826250,"{'title': 'Apartamento en Arriendo en Santa bibiana, Bogotá', 'pricing': '$ 5.980.000', 'bedrooms': '3 Habs.', 'bathrooms': '5 |  Baño | s', 'area': '150 |   | m²', 'location': 'Usaquen | Santa Paula', 'details': [{'Tipo de Inmueble': 'Apartamento'}, {'Estado': 'Usado'}, {'Baños': '5'}, {'Antigüedad': '9 a 15 años'}, {'Habitaciones': '3'}, {'Parqueaderos': '2'}, {'Área Construida': '150 m2'}, {'Área Privada': '150 m2'}, {'Estrato': '6'}, {'Administración': '$ 1.020.000'}, {'Piso N°': '¡Pregúntale!'}, {'Cantidad de Pisos': '1'}, {'Acepta mascotas': '¡Pregúntale!'}, {'Contrato Mínimo': '¡Pregúntale!'}, {'Documentación requerida': '¡Pregúntale!'}]}",2025-11-20 18:06:03.733022+00:00
https://www.fincaraiz.com.co//casa-en-arriendo-en-seminario-bogota/192855227,"{'title': 'Casa en Arriendo en Seminario, Bogotá', 'pricing': '$ 15.500.000', 'bedrooms': '3 Habs.', 'bathrooms': '4 |  Baño | s', 'area': '398 |   | m²', 'location': 'El seminario', 'details': [{'Tipo de Inmueble': 'Casa'}, {'Estado': 'Usado'}, {'Baños': '4'}, {'Área Construida': '398 m2'}, {'Antigüedad': 'más de 30 años'}, {'Habitaciones': '3'}, {'Parqueaderos': '2'}, {'Área Privada': '398 m2'}, {'Estrato': '6'}, {'Acepta mascotas': '¡Pregúntale!'}, {'Contrato Mínimo': '¡Pregúntale!'}, {'Documentación requerida': '¡Pregúntale!'}]}",2025-11-20 18:06:03.740403+00:00
https://www.fincaraiz.com.co//apartamento-en-arriendo-en-santa-barbara-central-bogota/192338803,"{'title': 'Apartamento en Arriendo en Santa barbara central, Bogotá', 'pricing': '$ 3.500.000', 'bedrooms': '2 Habs.', 'bathrooms': '3 |  Baño | s', 'area': '121 |   | m²', 'location': 'Usaquen | Molinos norte', 'details': [{'Tipo de Inmueble': 'Apartamento'}, {'Estado': 'Buen estado'}, {'Baños': '3'}, {'Área Construida': '121 m2'}, {'Antigüedad': 'más de 30 años'}, {'Habitaciones': '2'}, {'Parqueaderos': '2'}, {'Área Privada': '121 m2'}, {'Estrato': '5'}, {'Administración': '¡Pregúntale!'}, {'Piso N°': '2'}, {'Cantidad de pisos': '2'}, {'Acepta mascotas': '¡Pregúntale!'}, {'Contrato Mínimo': '¡Pregúntale!'}, {'Documentación requerida': '¡Pregúntale!'}]}",2025-11-20 18:06:03.766785+00:00
https://www.fincaraiz.com.co//apartamento-en-arriendo-en-chico-reservado-bogota/192759588,"{'title': 'Apartamento en Arriendo en Chicó Reservado, Bogotá', 'pricing': '$ 6.540.000', 'bedrooms': '3 Habs.', 'bathrooms': '3 |  Baño | s', 'area': '137 |   | m²', 'location': 'Chicó Reservado', 'details': [{'Tipo de Inmueble': 'Apartamento'}, {'Estado': 'Usado'}, {'Baños': '3'}, {'Antigüedad': '9 a 15 años'}, {'Habitaciones': '3'}, {'Distancia al Mar': '¡Pregúntale!'}, {'Vista al Mar': '¡Pregúntale!'}, {'Parqueaderos': '2'}, {'Parqueaderos': '2'}, {'Cantidad de Ambientes': '¡Pregúntale!'}, {'Área Construida': '137 m2'}, {'Área Privada': '137 m2'}, {'Estrato': '6'}, {'Administración': '$ 991.000'}, {'Piso N°': '¡Pregúntale!'}, {'Cantidad de Pisos': '1'}, {'Acepta mascotas': '¡Pregúntale!'}, {'Contrato Mínimo': '¡Pregúntale!'}, {'Documentación requerida': '¡Pregúntale!'}]}",2025-11-20 18:06:03.772987+00:00
https://www.fincaraiz.com.co//apartaestudio-en-arriendo-en-teusaquillo-bogota/192986133,"{'title': 'Apartaestudio en Arriendo en Teusaquillo, Bogotá', 'pricing': '$ 1.900.000', 'bedrooms': '1 Hab.', 'bathrooms': '1 |  Baño', 'area': '32 |   | m²', 'location': 'Santafe | Samper', 'details': [{'Tipo de Inmueble': 'Apartaestudio'}, {'Estado': 'Nuevo'}, {'Baños': '1'}, {'Antigüedad': '¡Pregúntale!'}, {'Habitaciones': '1'}, {'Parqueaderos': '¡Pregúntale!'}, {'Cantidad de Ambientes': '1'}, {'Área Construida': '32 m2'}, {'Área Privada': '32 m2'}, {'Estrato': '4'}, {'Administración': '$ 250.000'}, {'Piso N°': '¡Pregúntale!'}, {'Cantidad de Pisos': '1'}, {'Acepta mascotas': '¡Pregúntale!'}, {'Contrato Mínimo': '¡Pregúntale!'}, {'Documentación requerida': '¡Pregúntale!'}]}",2025-11-20 18:06:03.802924+00:00
https://www.fincaraiz.com.co//apartamento-en-arriendo-en-chico-navarra-bogota/193017618,"{'title': 'Apartamento en Arriendo en Chicó Navarra, Bogotá', 'pricing': '$ 6.500.000', 'bedrooms': '3 Habs.', 'bathrooms': '5 |  Baño | s', 'area': '150 |   | m²', 'location': 'Usaquen | Navarra', 'details': [{'Tipo de Inmueble': 'Apartamento'}, {'Estado': 'Usado'}, {'Baños': '5'}, {'Antigüedad': '16 a 30 años'}, {'Habitaciones': '3'}, {'Parqueaderos': '2'}, {'Área Construida': '150 m2'}, {'Área Privada': '150 m2'}, {'Estrato': '6'}, {'Administración': '¡Pregúntale!'}, {'Piso N°': '¡Pregúntale!'}, {'Cantidad de Pisos': '3'}, {'Acepta mascotas': '¡Pregúntale!'}, {'Contrato Mínimo': '¡Pregúntale!'}, {'Documentación requerida': '¡Pregúntale!'}]}",2025-11-20 18:06:03.808624+00:00
https://www.fincaraiz.com.co//apartamento-en-arriendo-en-chapinero-bogota/192773958,"{'title': 'Apartamento en Arriendo en Chapinero, Bogotá', 'pricing': '$ 1.750.000', 'bedrooms': '1 Hab.', 'bathrooms': '1 |  Baño', 'area': '21 |   | m²', 'location': 'Porciuncula', 'details': [{'Tipo de Inmueble': 'Apartamento'}, {'Estado': 'Nuevo'}, {'Baños': '1'}, {'Antigüedad': 'menor a 1 año'}, {'Habitaciones': '1'}, {'Distancia al Mar': '¡Pregúntale!'}, {'Vista al Mar': '¡Pregúntale!'}, {'Parqueaderos': '¡Pregúntale!'}, {'Parqueaderos': '¡Pregúntale!'}, {'Cantidad de Ambientes': '1'}, {'Área Construida': '21 m2'}, {'Área Privada': '21 m2'}, {'Estrato': '4'}, {'Administración': '¡Pregúntale!'}, {'Piso N°': '¡Pregúntale!'}, {'Cantidad de Pisos': '1'}, {'Acepta mascotas': '¡Pregúntale!'}, {'Contrato Mínimo': '¡Pregúntale!'}, {'Documentación requerida': '¡Pregúntale!'}]}",2025-11-20 18:06:03.814638+00:00
https://www.fincaraiz.com.co//apartamento-en-arriendo-en-el-virrey-bogota/193033753,"{'title': 'Apartamento en Arriendo en El Virrey, Bogotá', 'pricing': '$ 5.000.000', 'bedrooms': '2 Habs.', 'bathrooms': '3 |  Baño | s', 'area': '76 |   | m²', 'location': 'El Virrey', 'details': [{'Tipo de Inmueble': 'Apartamento'}, {'Estado': 'Usado'}, {'Baños': '3'}, {'Antigüedad': '9 a 15 años'}, {'Habitaciones': '2'}, {'Parqueaderos': '1'}, {'Área Construida': '76 m2'}, {'Área Privada': '¡Pregúntale!'}, {'Estrato': '6'}, {'Administración': '¡Pregúntale!'}, {'Piso N°': '¡Pregúntale!'}, {'Cantidad de Pisos': '1'}, {'Acepta mascotas': '¡Pregúntale!'}, {'Contrato Mínimo': '¡Pregúntale!'}, {'Documentación requerida': '¡Pregúntale!'}]}",2025-11-20 18:06:03.828158+00:00
https://www.fincaraiz.com.co//apartamento-en-arriendo-en-san-jose-de-bavaria-bogota/192879263,"{'title': 'Apartamento en Arriendo en San jose de bavaria, Bogotá', 'pricing': '$ 2.700.000', 'bedrooms': '1 Hab.', 'bathrooms': '2 |  Baño | s', 'area': '65 |   | m²', 'location': 'Suba | San jose de bavaria', 'details': [{'Tipo de Inmueble': 'Apartamento'}, {'Estado': 'Usado'}, {'Baños': '2'}, {'Antigüedad': 'menor a 1 año'}, {'Habitaciones': '1'}, {'Parqueaderos': '¡Pregúntale!'}, {'Cantidad de Ambientes': '1'}, {'Área Construida': '¡Pregúntale!'}, {'Área Privada': '65 m2'}, {'Estrato': '5'}, {'Administración': '$ 854.400'}, {'Piso N°': '¡Pregúntale!'}, {'Cantidad de Pisos': '1'}, {'Cantidad de pisos': '¡Pregúntale!'}, {'Acepta mascotas': '¡Pregúntale!'}, {'Contrato Mínimo': '¡Pregúntale!'}, {'Documentación requerida': '¡Pregúntale!'}]}",2025-11-20 18:06:03.834516+00:00
https://www.fincaraiz.com.co//oficina-en-arriendo-en-usaquen-bogota/10769713,"{'title': 'Oficina en arriendo en Usaquen, Bogotá', 'pricing': '$ 9.700.000', 'bedrooms': '1 |  Ambiente', 'bathrooms': '253.39 |   | m²', 'area': None, 'location': 'Cedro Golf', 'details': [{'Tipo de Inmueble': 'Oficina'}, {'Estado': '¡Pregúntale!'}, {'Baños': '¡Pregúntale!'}, {'Área Construida': '253,39 m2'}, {'Antigüedad': '¡Pregúntale!'}, {'Habitaciones': '1'}, {'Parqueaderos': '5'}, {'Área Privada': '253,39 m2'}, {'Estrato': '5'}, {'Administración': '$ 2.500.000'}, {'Piso N°': '¡Pregúntale!'}, {'Cantidad de pisos': '¡Pregúntale!'}, {'Acepta mascotas': '¡Pregúntale!'}, {'Contrato Mínimo': '¡Pregúntale!'}, {'Documentación requerida': '¡Pregúntale!'}]}",2025-11-20 18:06:03.855320+00:00
https://www.fincaraiz.com.co//apartamento-en-arriendo-en-engativa-bogota/10548495,"{'title': 'Apartamento en arriendo en Engativá, Bogotá', 'pricing': '$ 1.770.000', 'bedrooms': '4 Habs.', 'bathrooms': '2 |  Baño | s', 'area': '76 |   | m²', 'location': 'Ciudadela colsubsidio', 'details': [{'Tipo de Inmueble': 'Apartamento'}, {'Estado': '¡Pregúntale!'}, {'Baños': '2'}, {'Antigüedad': '16 a 30 años'}, {'Habitaciones': '4'}, {'Distancia al Mar': '¡Pregúntale!'}, {'Vista al Mar': '¡Pregúntale!'}, {'Parqueaderos': '1'}, {'Parqueaderos': '1'}, {'Cantidad de Ambientes': '4'}, {'Área Construida': '76 m2'}, {'Área Privada': '70 m2'}, {'Estrato': '3'}, {'Administración': '$ 230.000'}, {'Piso N°': '¡Pregúntale!'}, {'Cantidad de Pisos': '2'}, {'Acepta mascotas': '¡Pregúntale!'}, {'Contrato Mínimo': '¡Pregúntale!'}, {'Documentación requerida': '¡Pregúntale!'}]}",2025-11-20 18:06:03.865617+00:00
https://www.fincaraiz.com.co//apartaestudio-en-arriendo-en-chapinero-bogota/192927100,"{'title': 'Apartaestudio en Arriendo en Chapinero, Bogotá', 'pricing': '$ 1.800.000', 'bedrooms': '1 Hab.', 'bathrooms': '1 |  Baño', 'area': '28 |   | m²', 'location': 'Teusaquillo | Chapinero', 'details': [{'Tipo de Inmueble': 'Apartaestudio'}, {'Estado': 'Usado'}, {'Baños': '1'}, {'Antigüedad': '1 a 8 años'}, {'Habitaciones': '1'}, {'Parqueaderos': '¡Pregúntale!'}, {'Área Construida': '28 m2'}, {'Área Privada': '28 m2'}, {'Estrato': '3'}, {'Administración': '¡Pregúntale!'}, {'Piso N°': '8'}, {'Cantidad de Pisos': '1'}, {'Acepta mascotas': '¡Pregúntale!'}, {'Contrato Mínimo': '¡Pregúntale!'}, {'Documentación requerida': '¡Pregúntale!'}]}",2025-11-20 18:06:03.871560+00:00
https://www.fincaraiz.com.co//oficina-en-arriendo-en-zona-norte-bogota/192034819,"{'title': 'Oficina en  Arriendo en Zona norte, Bogotá', 'pricing': '$ 8.925.000', 'bedrooms': '3 |  Ambiente | s', 'bathrooms': '3 |  Baño | s', 'area': '142 |   | m²', 'location': 'Chapinero | Lago gaitan', 'details': [{'Tipo de Inmueble': 'Oficina'}, {'Estado': 'Usado'}, {'Baños': '3'}, {'Área Construida': '142 m2'}, {'Antigüedad': '16 a 30 años'}, {'Habitaciones': '¡Pregúntale!'}, {'Parqueaderos': '3'}, {'Área Privada': '142 m2'}, {'Estrato': '6'}, {'Administración': '$ 1.707.000'}, {'Piso N°': '¡Pregúntale!'}, {'Cantidad de pisos': '¡Pregúntale!'}, {'Acepta mascotas': '¡Pregúntale!'}, {'Contrato Mínimo': '¡Pregúntale!'}, {'Documentación requerida': '¡Pregúntale!'}]}",2025-11-20 18:06:03.877499+00:00
https://www.fincaraiz.com.co//apartamento-en-arriendo-en-chico-norte-bogota/192936819,"{'title': 'Apartamento en Arriendo en Chico norte, Bogotá', 'pricing': '$ 5.250.000', 'bedrooms': '3 Habs.', 'bathrooms': '3 |  Baño | s', 'area': '148 |   | m²', 'location': 'Barrios unidos | La castellana', 'details': [{'Tipo de Inmueble': 'Apartamento'}, {'Estado': 'Usado'}, {'Baños': '3'}, {'Antigüedad': '16 a 30 años'}, {'Habitaciones': '3'}, {'Distancia al Mar': '¡Pregúntale!'}, {'Vista al Mar': '¡Pregúntale!'}, {'Parqueaderos': '3'}, {'Parqueaderos': '3'}, {'Cantidad de Ambientes': '¡Pregúntale!'}, {'Área Construida': '148 m2'}, {'Área Privada': '148 m2'}, {'Estrato': '6'}, {'Administración': '$ 1.450.000'}, {'Piso N°': '¡Pregúntale!'}, {'Cantidad de Pisos': '1'}, {'Acepta mascotas': '¡Pregúntale!'}, {'Contrato Mínimo': '¡Pregúntale!'}, {'Documentación requerida': '¡Pregúntale!'}]}",2025-11-20 18:06:03.892105+00:00
https://www.fincaraiz.com.co//apartamento-en-arriendo-en-modelia-occidental-bogota/192910658,"{'title': 'Apartamento en Arriendo en Modelia Occidental, Bogotá', 'pricing': '$ 4.950.000', 'bedrooms': '3 Habs.', 'bathrooms': '2 |  Baño | s', 'area': '106.3 |   | m²', 'location': 'Modelia Occidental', 'details': [{'Tipo de Inmueble': 'Apartamento'}, {'Estado': 'Usado'}, {'Baños': '2'}, {'Antigüedad': '16 a 30 años'}, {'Habitaciones': '3'}, {'Parqueaderos': '1'}, {'Área Construida': '¡Pregúntale!'}, {'Área Privada': '97,62 m2'}, {'Estrato': '4'}, {'Administración': '¡Pregúntale!'}, {'Piso N°': '10'}, {'Cantidad de Pisos': '3'}, {'Acepta mascotas': '¡Pregúntale!'}, {'Contrato Mínimo': '¡Pregúntale!'}, {'Documentación requerida': '¡Pregúntale!'}]}",2025-11-20 18:06:03.901266+00:00
https://www.fincaraiz.com.co//casa-en-arriendo-en-plaza-de-las-americas-bogota/193044591,"{'title': 'Casa en Arriendo en Plaza de las Américas, Bogotá', 'pricing': '$ 1.654.000', 'bedrooms': '4 Habs.', 'bathrooms': '2 |  Baño | s', 'area': '69 |   | m²', 'location': 'Kennedy | Plaza de las Américas', 'details': [{'Tipo de Inmueble': 'Casa'}, {'Estado': 'Usado'}, {'Baños': '2'}, {'Antigüedad': '9 a 15 años'}, {'Habitaciones': '4'}, {'Distancia al Mar': '¡Pregúntale!'}, {'Vista al Mar': '¡Pregúntale!'}, {'Parqueaderos': '1'}, {'Parqueaderos': '1'}, {'Cantidad de Ambientes': '4'}, {'Área Construida': '69 m2'}, {'Área del terreno': '69 m2'}, {'Área Privada': '69 m2'}, {'Estrato': '3'}, {'Piso N°': '¡Pregúntale!'}, {'Cantidad de pisos': '1'}, {'Acepta mascotas': '¡Pregúntale!'}, {'Contrato Mínimo': '¡Pregúntale!'}, {'Documentación requerida': '¡Pregúntale!'}]}",2025-11-20 18:06:03.932252+00:00
https://www.fincaraiz.com.co//apartamento-en-arriendo-en-santa-barbara-alta-bogota/193051560,"{'title': 'Apartamento en Arriendo en Santa barbara alta, Bogotá', 'pricing': '$ 8.600.000', 'bedrooms': '2 Habs.', 'bathrooms': '2 |  Baño | s', 'area': '125 |   | m²', 'location': 'Usaquen | Usaquen', 'details': [{'Tipo de Inmueble': 'Apartamento'}, {'Estado': 'Usado'}, {'Baños': '2'}, {'Antigüedad': '9 a 15 años'}, {'Habitaciones': '2'}, {'Distancia al Mar': '¡Pregúntale!'}, {'Vista al Mar': '¡Pregúntale!'}, {'Parqueaderos': '3'}, {'Parqueaderos': '3'}, {'Cantidad de Ambientes': '2'}, {'Área Construida': '125 m2'}, {'Área Privada': '125 m2'}, {'Estrato': '6'}, {'Administración': '¡Pregúntale!'}, {'Piso N°': '¡Pregúntale!'}, {'Cantidad de Pisos': '¡Pregúntale!'}, {'Acepta mascotas': '¡Pregúntale!'}, {'Contrato Mínimo': '¡Pregúntale!'}, {'Documentación requerida': '¡Pregúntale!'}]}",2025-11-20 18:06:03.938627+00:00
https://www.fincaraiz.com.co//apartamento-en-arriendo-en-ferrocaja-fontibon-bogota/192986287,"{'title': 'Apartamento en Arriendo en Ferrocaja fontibon, Bogotá', 'pricing': '$ 2.500.000', 'bedrooms': '3 Habs.', 'bathrooms': '2 |  Baño | s', 'area': '80 |   | m²', 'location': 'Fontibon', 'details': [{'Tipo de Inmueble': 'Apartamento'}, {'Estado': 'Usado'}, {'Baños': '2'}, {'Antigüedad': '16 a 30 años'}, {'Habitaciones': '3'}, {'Distancia al Mar': '¡Pregúntale!'}, {'Vista al Mar': '¡Pregúntale!'}, {'Parqueaderos': '1'}, {'Parqueaderos': '1'}, {'Cantidad de Ambientes': '3'}, {'Área Construida': '¡Pregúntale!'}, {'Área Privada': '80 m2'}, {'Estrato': '4'}, {'Administración': '$ 472.000'}, {'Piso N°': '¡Pregúntale!'}, {'Cantidad de Pisos': '1'}, {'Acepta mascotas': '¡Pregúntale!'}, {'Contrato Mínimo': '¡Pregúntale!'}, {'Documentación requerida': '¡Pregúntale!'}]}",2025-11-20 18:06:03.944787+00:00
https://www.fincaraiz.com.co//apartamento-en-arriendo-en-montevideo-bogota/192984346,"{'title': 'Apartamento en Arriendo en Montevideo, Bogotá', 'pricing': '$ 1.600.000', 'bedrooms': '2 Habs.', 'bathrooms': '1 |  Baño', 'area': '42 |   | m²', 'location': 'Montevideo', 'details': [{'Tipo de Inmueble': 'Apartamento'}, {'Estado': 'Usado'}, {'Baños': '1'}, {'Antigüedad': 'menor a 1 año'}, {'Habitaciones': '2'}, {'Distancia al Mar': '¡Pregúntale!'}, {'Vista al Mar': '¡Pregúntale!'}, {'Parqueaderos': '¡Pregúntale!'}, {'Parqueaderos': '¡Pregúntale!'}, {'Cantidad de Ambientes': '2'}, {'Área Construida': '42 m2'}, {'Área Privada': '42 m2'}, {'Estrato': '3'}, {'Administración': '¡Pregúntale!'}, {'Piso N°': '¡Pregúntale!'}, {'Cantidad de Pisos': '1'}, {'Acepta mascotas': '¡Pregúntale!'}, {'Contrato Mínimo': '¡Pregúntale!'}, {'Documentación requerida': '¡Pregúntale!'}]}",2025-11-20 18:06:03.965606+00:00
https://www.fincaraiz.com.co//oficina-en-arriendo-en-chico-norte-bogota/192594237,"{'title': 'Oficina en Arriendo en Chico norte, Bogotá', 'pricing': '$ 14.220.000', 'bedrooms': '1 |  Ambiente', 'bathrooms': '2 |  Baño | s', 'area': '206 |   | m²', 'location': 'Chapinero | Chico norte', 'details': [{'Tipo de Inmueble': 'Oficina'}, {'Estado': 'Usado'}, {'Baños': '2'}, {'Área Construida': '206 m2'}, {'Antigüedad': '9 a 15 años'}, {'Habitaciones': '¡Pregúntale!'}, {'Parqueaderos': '3'}, {'Área Privada': '206 m2'}, {'Estrato': '5'}, {'Administración': '$ 2.000.000'}, {'Piso N°': '6'}, {'Cantidad de pisos': '¡Pregúntale!'}, {'Acepta mascotas': '¡Pregúntale!'}, {'Contrato Mínimo': '¡Pregúntale!'}, {'Documentación requerida': '¡Pregúntale!'}]}",2025-11-20 18:06:03.990068+00:00
https://www.fincaraiz.com.co//oficina-en-arriendo-en-chapinero-bogota/192024921,"{'title': 'Oficina en  Arriendo en Chapinero, Bogotá', 'pricing': '$ 2.600.000', 'bedrooms': '2 |  Ambiente | s', 'bathrooms': '1 |  Baño', 'area': '92 |   | m²', 'location': 'Barrios unidos | Barrios Unidos', 'details': [{'Tipo de Inmueble': 'Oficina'}, {'Estado': 'Usado'}, {'Baños': '1'}, {'Antigüedad': '1 a 8 años'}, {'Habitaciones': '¡Pregúntale!'}, {'Parqueaderos': '1'}, {'Cantidad de Ambientes': '2'}, {'Área Construida': '92 m2'}, {'Área Privada': '92 m2'}, {'Estrato': '3'}, {'Administración': '¡Pregúntale!'}, {'Piso N°': '1'}, {'Cantidad de Pisos': '1'}, {'Acepta mascotas': '¡Pregúntale!'}, {'Contrato Mínimo': '¡Pregúntale!'}, {'Documentación requerida': '¡Pregúntale!'}]}",2025-11-20 18:06:03.996475+00:00
https://www.fincaraiz.com.co//local-en-arriendo-en-chico-norte-bogota/192089858,"{'title': 'Local en  Arriendo en Chico norte, Bogotá', 'pricing': '$ 9.000.000', 'bedrooms': '5 |  Ambiente | s', 'bathrooms': '3 |  Baño | s', 'area': '282 |   | m²', 'location': 'Chico norte', 'details': [{'Tipo de Inmueble': 'Local'}, {'Estado': 'Usado'}, {'Baños': '3'}, {'Antigüedad': '1 a 8 años'}, {'Habitaciones': '¡Pregúntale!'}, {'Distancia al Mar': '¡Pregúntale!'}, {'Vista al Mar': '¡Pregúntale!'}, {'Parqueaderos': '¡Pregúntale!'}, {'Cantidad de Ambientes': '5'}, {'Parqueaderos': '¡Pregúntale!'}, {'Cantidad de Ambientes': '5'}, {'Área Construida': '282 m2'}, {'Área Privada': '¡Pregúntale!'}, {'Estrato': '6'}, {'Administración': '¡Pregúntale!'}, {'Piso N°': '1'}, {'Cantidad de Pisos': '2'}, {'Acepta mascotas': '¡Pregúntale!'}, {'Contrato Mínimo': '¡Pregúntale!'}, {'Documentación requerida': '¡Pregúntale!'}]}",2025-11-20 18:06:04.003404+00:00
https://www.fincaraiz.com.co//apartamento-en-arriendo-en-chapinero-bogota/193100858,"{'title': 'Apartamento en Arriendo en Chapinero, Bogotá', 'pricing': '$ 3.700.000', 'bedrooms': '2 Habs.', 'bathrooms': '2 |  Baño | s', 'area': '65 |   | m²', 'location': 'Bellavista', 'details': [{'Tipo de Inmueble': 'Apartamento'}, {'Estado': 'Buen estado'}, {'Baños': '2'}, {'Antigüedad': '9 a 15 años'}, {'Habitaciones': '2'}, {'Parqueaderos': '1'}, {'Área Construida': '65 m2'}, {'Área Privada': '65 m2'}, {'Estrato': '4'}, {'Administración': '¡Pregúntale!'}, {'Piso N°': '3'}, {'Cantidad de Pisos': '1'}, {'Acepta mascotas': '¡Pregúntale!'}, {'Contrato Mínimo': '¡Pregúntale!'}, {'Documentación requerida': '¡Pregúntale!'}]}",2025-11-20 18:06:04.026877+00:00
https://www.fincaraiz.com.co//lote-en-arriendo-en-chapinero-bogota/192758948,"{'title': 'Lote en Arriendo en Chapinero, Bogotá', 'pricing': '$ 1.000.000', 'bedrooms': '250 |   | m²', 'bathrooms': None, 'area': None, 'location': 'Chapinero | Bellavista', 'details': [{'Tipo de Inmueble': 'Lote'}, {'Estado': 'Usado'}, {'Baños': '¡Pregúntale!'}, {'Área Construida': '250 m2'}, {'Antigüedad': '16 a 30 años'}, {'Habitaciones': '¡Pregúntale!'}, {'Parqueaderos': '¡Pregúntale!'}, {'Área Privada': '250 m2'}, {'Estrato': '2'}, {'Acepta mascotas': '¡Pregúntale!'}, {'Contrato Mínimo': '¡Pregúntale!'}, {'Documentación requerida': '¡Pregúntale!'}]}",2025-11-20 18:06:04.032894+00:00
https://www.fincaraiz.com.co//apartamento-en-arriendo-en-san-antonio-norte-bogota/193069354,"{'title': 'Apartamento en Arriendo en San antonio norte, Bogotá', 'pricing': '$ 1.500.000', 'bedrooms': '2 Habs.', 'bathrooms': '1 |  Baño', 'area': '40 |   | m²', 'location': 'Usaquen | San antonio norte', 'details': [{'Tipo de Inmueble': 'Apartamento'}, {'Estado': 'Usado'}, {'Baños': '1'}, {'Antigüedad': 'menor a 1 año'}, {'Habitaciones': '2'}, {'Distancia al Mar': '¡Pregúntale!'}, {'Vista al Mar': '¡Pregúntale!'}, {'Parqueaderos': '¡Pregúntale!'}, {'Parqueaderos': '¡Pregúntale!'}, {'Cantidad de Ambientes': '2'}, {'Área Construida': '40 m2'}, {'Área Privada': '34 m2'}, {'Estrato': '3'}, {'Administración': '¡Pregúntale!'}, {'Piso N°': '5'}, {'Cantidad de Pisos': '1'}, {'Acepta mascotas': '¡Pregúntale!'}, {'Contrato Mínimo': '¡Pregúntale!'}, {'Documentación requerida': '¡Pregúntale!'}]}",2025-11-20 18:06:04.062823+00:00
https://www.fincaraiz.com.co//apartamento-en-arriendo-en-bella-suiza-bogota/192050076,"{'title': 'Apartamento en  Arriendo en Bella suiza, Bogotá', 'pricing': '$ 6.000.000', 'bedrooms': '3 Habs.', 'bathrooms': '5 |  Baño | s', 'area': '170 |   | m²', 'location': 'Usaquen | Altos de Bella Suiza', 'details': [{'Tipo de Inmueble': 'Apartamento'}, {'Estado': 'Usado'}, {'Baños': '5'}, {'Antigüedad': '16 a 30 años'}, {'Habitaciones': '3'}, {'Parqueaderos': '2'}, {'Área Construida': '170 m2'}, {'Área Privada': '170 m2'}, {'Estrato': '5'}, {'Administración': '¡Pregúntale!'}, {'Piso N°': '¡Pregúntale!'}, {'Cantidad de Pisos': '1'}, {'Acepta mascotas': '¡Pregúntale!'}, {'Contrato Mínimo': '¡Pregúntale!'}, {'Documentación requerida': '¡Pregúntale!'}]}",2025-11-20 18:06:04.114194+00:00
https://www.fincaraiz.com.co//bodega-en-arriendo-en-prado-veraniego-bogota/193023037,"{'title': 'Bodega en Arriendo en Prado veraniego, Bogotá', 'pricing': '$ 11.000.000', 'bedrooms': '5 |  Ambiente | s', 'bathrooms': '4 |  Baño | s', 'area': '600 |   | m²', 'location': 'Suba | Canodromo', 'details': [{'Tipo de Inmueble': 'Bodega'}, {'Estado': 'Usado'}, {'Baños': '4'}, {'Antigüedad': '¡Pregúntale!'}, {'Parqueaderos': '2'}, {'Cantidad de Ambientes': '5'}, {'Área Construida': '600 m2'}, {'Área Privada': '600 m2'}, {'Estrato': '3'}, {'Piso N°': '¡Pregúntale!'}, {'Cantidad de pisos': '2'}, {'Acepta mascotas': '¡Pregúntale!'}, {'Contrato Mínimo': '¡Pregúntale!'}, {'Documentación requerida': '¡Pregúntale!'}]}",2025-11-20 18:06:04.128118+00:00
https://www.fincaraiz.com.co//apartamento-en-arriendo-en-la-felicidad-bogota/193034426,"{'title': 'Apartamento en Arriendo en La felicidad, Bogotá', 'pricing': '$ 1.570.000', 'bedrooms': '3 Habs.', 'bathrooms': '2 |  Baño | s', 'area': '62 |   | m²', 'location': 'La felicidad', 'details': [{'Tipo de Inmueble': 'Apartamento'}, {'Estado': 'Usado'}, {'Baños': '2'}, {'Antigüedad': 'más de 30 años'}, {'Habitaciones': '3'}, {'Parqueaderos': '¡Pregúntale!'}, {'Área Construida': '62 m2'}, {'Área Privada': '62 m2'}, {'Estrato': '3'}, {'Administración': '$ 230.000'}, {'Piso N°': '¡Pregúntale!'}, {'Cantidad de Pisos': '1'}, {'Acepta mascotas': '¡Pregúntale!'}, {'Contrato Mínimo': '¡Pregúntale!'}, {'Documentación requerida': '¡Pregúntale!'}]}",2025-11-20 18:06:04.143062+00:00
https://www.fincaraiz.com.co//apartamento-en-arriendo-en-los-rosales-bogota/191833456,"{'title': 'Apartamento en  Arriendo en Los rosales, Bogotá', 'pricing': '$ 20.000.000', 'bedrooms': '4 Habs.', 'bathrooms': '5 |  Baño | s', 'area': '460 |   | m²', 'location': 'Bellavista', 'details': [{'Tipo de Inmueble': 'Apartamento'}, {'Estado': 'Usado'}, {'Baños': '5'}, {'Antigüedad': '16 a 30 años'}, {'Habitaciones': '4'}, {'Distancia al Mar': '¡Pregúntale!'}, {'Vista al Mar': '¡Pregúntale!'}, {'Parqueaderos': '4'}, {'Parqueaderos': '4'}, {'Cantidad de Ambientes': '¡Pregúntale!'}, {'Área Construida': '¡Pregúntale!'}, {'Área Privada': '¡Pregúntale!'}, {'Estrato': '6'}, {'Administración': '$ 3.000.000'}, {'Piso N°': '6'}, {'Cantidad de Pisos': '1'}, {'Acepta mascotas': '¡Pregúntale!'}, {'Contrato Mínimo': '¡Pregúntale!'}, {'Documentación requerida': '¡Pregúntale!'}]}",2025-11-20 18:06:04.264738+00:00
https://www.fincaraiz.com.co//local-en-arriendo-en-garces-navas-bogota/192750314,"{'title': 'Local en Arriendo en Garces navas, Bogotá', 'pricing': '$ 1.000.000', 'bedrooms': '0 |  Ambiente | s', 'bathrooms': '1 |  Baño', 'area': '25 |   | m²', 'location': 'Garces navas', 'details': [{'Tipo de Inmueble': 'Local'}, {'Estado': 'Usado'}, {'Baños': '1'}, {'Antigüedad': '16 a 30 años'}, {'Habitaciones': '¡Pregúntale!'}, {'Distancia al Mar': '¡Pregúntale!'}, {'Vista al Mar': '¡Pregúntale!'}, {'Parqueaderos': '¡Pregúntale!'}, {'Cantidad de Ambientes': '¡Pregúntale!'}, {'Parqueaderos': '¡Pregúntale!'}, {'Cantidad de Ambientes': '¡Pregúntale!'}, {'Área Construida': '25 m2'}, {'Área Privada': '25 m2'}, {'Estrato': '3'}, {'Administración': '¡Pregúntale!'}, {'Piso N°': '¡Pregúntale!'}, {'Cantidad de Pisos': '1'}, {'Acepta mascotas': '¡Pregúntale!'}, {'Contrato Mínimo': '¡Pregúntale!'}, {'Documentación requerida': '¡Pregúntale!'}]}",2025-11-20 18:06:04.324426+00:00
https://www.fincaraiz.com.co//bodega-en-arriendo-en-boyaca-real-bogota/192956782,"{'title': 'Bodega en Arriendo en Boyaca Real, Bogotá', 'pricing': '$ 20.000.000', 'bedrooms': '1 |  Ambiente', 'bathrooms': '4 |  Baño | s', 'area': '1200 |   | m²', 'location': 'Boyaca', 'details': [{'Tipo de Inmueble': 'Bodega'}, {'Estado': 'Usado'}, {'Baños': '4'}, {'Antigüedad': '¡Pregúntale!'}, {'Habitaciones': '¡Pregúntale!'}, {'Distancia al Mar': '¡Pregúntale!'}, {'Vista al Mar': '¡Pregúntale!'}, {'Parqueaderos': '¡Pregúntale!'}, {'Cantidad de Ambientes': '1'}, {'Parqueaderos': '¡Pregúntale!'}, {'Cantidad de Ambientes': '1'}, {'Área Construida': '1.200 m2'}, {'Área Privada': '¡Pregúntale!'}, {'Estrato': '3'}, {'Piso N°': '¡Pregúntale!'}, {'Cantidad de pisos': '1'}, {'Acepta mascotas': '¡Pregúntale!'}, {'Contrato Mínimo': '¡Pregúntale!'}, {'Documentación requerida': '¡Pregúntale!'}]}",2025-11-20 18:06:04.375353+00:00
https://www.fincaraiz.com.co//apartamento-en-arriendo-en-la-soledad-bogota/192707202,"{'title': 'Apartamento en Arriendo en La soledad, Bogotá', 'pricing': '$ 3.500.000', 'bedrooms': '3 Habs.', 'bathrooms': '3 |  Baño | s', 'area': '110 |   | m²', 'location': 'Teusaquillo | La soledad', 'details': [{'Tipo de Inmueble': 'Apartamento'}, {'Estado': 'Excelente estado'}, {'Baños': '3'}, {'Antigüedad': 'menor a 1 año'}, {'Habitaciones': '3'}, {'Distancia al Mar': '¡Pregúntale!'}, {'Vista al Mar': '¡Pregúntale!'}, {'Parqueaderos': '1'}, {'Parqueaderos': '1'}, {'Cantidad de Ambientes': '3'}, {'Área Construida': '110 m2'}, {'Área Privada': '110 m2'}, {'Estrato': '4'}, {'Administración': '$ 160.000'}, {'Piso N°': '2'}, {'Cantidad de Pisos': '1'}, {'Acepta mascotas': '¡Pregúntale!'}, {'Contrato Mínimo': '¡Pregúntale!'}, {'Documentación requerida': '¡Pregúntale!'}]}",2025-11-20 18:06:04.416450+00:00
https://www.fincaraiz.com.co//bodega-en-arriendo-en-engativa-bogota/192473061,"{'title': 'Bodega en Arriendo en Engativá, Bogotá', 'pricing': '$ 40.000.000', 'bedrooms': '0 |  Ambiente | s', 'bathrooms': '1178 |   | m²', 'area': None, 'location': 'Los angeles', 'details': [{'Tipo de Inmueble': 'Bodega'}, {'Estado': 'Usado'}, {'Baños': '¡Pregúntale!'}, {'Antigüedad': '9 a 15 años'}, {'Habitaciones': '¡Pregúntale!'}, {'Parqueaderos': '¡Pregúntale!'}, {'Cantidad de Ambientes': '¡Pregúntale!'}, {'Área Construida': '¡Pregúntale!'}, {'Área Privada': '¡Pregúntale!'}, {'Estrato': '2'}, {'Cantidad de pisos': '¡Pregúntale!'}, {'Acepta mascotas': '¡Pregúntale!'}, {'Contrato Mínimo': '¡Pregúntale!'}, {'Documentación requerida': '¡Pregúntale!'}]}",2025-11-20 18:06:04.423894+00:00
https://www.fincaraiz.com.co//oficina-en-arriendo-en-paloquemao-bogota/193088752,"{'title': 'Oficina en Arriendo en Paloquemao, Bogotá', 'pricing': '$ 700.000', 'bedrooms': '0 |  Ambiente | s', 'bathrooms': '2 |  Baño | s', 'area': '25 |   | m²', 'location': 'Los martires | Paloquemao', 'details': [{'Tipo de Inmueble': 'Oficina'}, {'Estado': 'Usado'}, {'Baños': '2'}, {'Antigüedad': 'más de 30 años'}, {'Parqueaderos': '¡Pregúntale!'}, {'Cantidad de Ambientes': '¡Pregúntale!'}, {'Área Construida': '25 m2'}, {'Área Privada': '25 m2'}, {'Estrato': '3'}, {'Administración': '¡Pregúntale!'}, {'Piso N°': '¡Pregúntale!'}, {'Cantidad de Pisos': '1'}, {'Acepta mascotas': '¡Pregúntale!'}, {'Contrato Mínimo': '¡Pregúntale!'}, {'Documentación requerida': '¡Pregúntale!'}]}",2025-11-20 18:06:04.458492+00:00
https://www.fincaraiz.com.co//apartamento-en-arriendo-en-el-libano-bogota/192780733,"{'title': 'Apartamento en Arriendo en El libano, Bogotá', 'pricing': '$ 1.650.000', 'bedrooms': '1 Hab.', 'bathrooms': '1 |  Baño', 'area': '37 |   | m²', 'location': 'El libano', 'details': [{'Tipo de Inmueble': 'Apartamento'}, {'Estado': 'Excelente estado'}, {'Baños': '1'}, {'Antigüedad': 'menor a 1 año'}, {'Habitaciones': '1'}, {'Distancia al Mar': '¡Pregúntale!'}, {'Vista al Mar': '¡Pregúntale!'}, {'Parqueaderos': '1'}, {'Parqueaderos': '1'}, {'Cantidad de Ambientes': '1'}, {'Área Construida': '37 m2'}, {'Área Privada': '37 m2'}, {'Estrato': '3'}, {'Administración': '¡Pregúntale!'}, {'Piso N°': '¡Pregúntale!'}, {'Cantidad de Pisos': '1'}, {'Acepta mascotas': '¡Pregúntale!'}, {'Contrato Mínimo': '¡Pregúntale!'}, {'Documentación requerida': '¡Pregúntale!'}]}",2025-11-20 18:06:04.487121+00:00
https://www.fincaraiz.com.co//local-en-arriendo-en-boyaca-real-bogota/192531930,"{'title': 'Local en Arriendo en Boyaca Real, Bogotá', 'pricing': '$ 3.100.000', 'bedrooms': '0 |  Ambiente | s', 'bathrooms': '1 |  Baño', 'area': '120 |   | m²', 'location': 'Boyaca Real', 'details': [{'Tipo de Inmueble': 'Local'}, {'Estado': 'Usado'}, {'Baños': '1'}, {'Antigüedad': '9 a 15 años'}, {'Parqueaderos': '¡Pregúntale!'}, {'Cantidad de Ambientes': '¡Pregúntale!'}, {'Área Construida': '120 m2'}, {'Área Privada': '120 m2'}, {'Estrato': '3'}, {'Administración': '¡Pregúntale!'}, {'Piso N°': '2'}, {'Cantidad de Pisos': '1'}, {'Acepta mascotas': '¡Pregúntale!'}, {'Contrato Mínimo': '¡Pregúntale!'}, {'Documentación requerida': '¡Pregúntale!'}]}",2025-11-20 18:06:04.501072+00:00
https://www.fincaraiz.com.co//bodega-en-arriendo-en-montevideo-bogota/192837591,"{'title': 'Bodega en Arriendo en Montevideo, Bogotá', 'pricing': '$ 65.000.000', 'bedrooms': '0 |  Ambiente | s', 'bathrooms': '2 |  Baño | s', 'area': '2 |   | m²', 'location': 'Montevideo', 'details': [{'Tipo de Inmueble': 'Bodega'}, {'Estado': 'Usado'}, {'Baños': '2'}, {'Antigüedad': '16 a 30 años'}, {'Habitaciones': '¡Pregúntale!'}, {'Distancia al Mar': '¡Pregúntale!'}, {'Vista al Mar': '¡Pregúntale!'}, {'Parqueaderos': '8'}, {'Cantidad de Ambientes': '¡Pregúntale!'}, {'Parqueaderos': '8'}, {'Cantidad de Ambientes': '¡Pregúntale!'}, {'Área Construida': '2 m2'}, {'Área Privada': '¡Pregúntale!'}, {'Estrato': '3'}, {'Piso N°': '¡Pregúntale!'}, {'Cantidad de pisos': '¡Pregúntale!'}, {'Acepta mascotas': '¡Pregúntale!'}, {'Contrato Mínimo': '¡Pregúntale!'}, {'Documentación requerida': '¡Pregúntale!'}]}",2025-11-20 18:06:04.533383+00:00
https://www.fincaraiz.com.co//oficina-en-arriendo-en-morato-bogota/192837795,"{'title': 'Oficina en Arriendo en Morato, Bogotá', 'pricing': '$ 125.000.000', 'bedrooms': '0 |  Ambiente | s', 'bathrooms': '10 |  Baño | s', 'area': '2573 |   | m²', 'location': 'Suba | Morato', 'details': [{'Tipo de Inmueble': 'Oficina'}, {'Estado': 'Usado'}, {'Baños': '10'}, {'Antigüedad': 'más de 30 años'}, {'Parqueaderos': '1'}, {'Cantidad de Ambientes': '¡Pregúntale!'}, {'Área Construida': '2.573 m2'}, {'Área Privada': '2.573 m2'}, {'Estrato': '3'}, {'Administración': '¡Pregúntale!'}, {'Piso N°': '¡Pregúntale!'}, {'Cantidad de Pisos': '1'}, {'Acepta mascotas': '¡Pregúntale!'}, {'Contrato Mínimo': '¡Pregúntale!'}, {'Documentación requerida': '¡Pregúntale!'}]}",2025-11-20 18:06:04.554176+00:00
https://www.fincaraiz.com.co//apartamento-en-arriendo-en-los-rosales-bogota/193092629,"{'title': 'Apartamento en Arriendo en Los rosales, Bogotá', 'pricing': '$ 7.500.000', 'bedrooms': '2 Habs.', 'bathrooms': '3 |  Baño | s', 'area': '133 |   | m²', 'location': 'El nogal', 'details': [{'Tipo de Inmueble': 'Apartamento'}, {'Estado': 'Usado'}, {'Baños': '3'}, {'Antigüedad': '¡Pregúntale!'}, {'Habitaciones': '2'}, {'Parqueaderos': '2'}, {'Área Construida': '133 m2'}, {'Área Privada': '¡Pregúntale!'}, {'Estrato': '4'}, {'Administración': '¡Pregúntale!'}, {'Piso N°': '¡Pregúntale!'}, {'Cantidad de Pisos': '1'}, {'Acepta mascotas': '¡Pregúntale!'}, {'Contrato Mínimo': '¡Pregúntale!'}, {'Documentación requerida': '¡Pregúntale!'}]}",2025-11-20 18:06:04.566045+00:00
https://www.fincaraiz.com.co//bodega-en-arriendo-en-barrios-unidos-bogota/193116653,"{'title': 'Bodega en Arriendo en Barrios Unidos, Bogotá', 'pricing': '$ 25.000.000', 'bedrooms': '3 |  Ambiente | s', 'bathrooms': '5 |  Baño | s', 'area': '700 |   | m²', 'location': 'Barrios unidos | Santa sofia', 'details': [{'Tipo de Inmueble': 'Bodega'}, {'Estado': 'Usado'}, {'Baños': '5'}, {'Antigüedad': '1 a 8 años'}, {'Parqueaderos': '4'}, {'Cantidad de Ambientes': '3'}, {'Área Construida': '700 m2'}, {'Área Privada': '¡Pregúntale!'}, {'Estrato': '4'}, {'Piso N°': '¡Pregúntale!'}, {'Cantidad de pisos': '2'}, {'Acepta mascotas': '¡Pregúntale!'}, {'Contrato Mínimo': '¡Pregúntale!'}, {'Documentación requerida': '¡Pregúntale!'}]}",2025-11-20 18:06:04.598268+00:00
https://www.fincaraiz.com.co//oficina-en-arriendo-en-barrios-unidos-bogota/192105850,"{'title': 'Oficina en  Arriendo en Barrios unidos, Bogotá', 'pricing': '$ 20.000.000', 'bedrooms': '1 |  Ambiente', 'bathrooms': '5 |  Baño | s', 'area': '427 |   | m²', 'location': 'Barrios unidos | Jorge eliecer gaitan', 'details': [{'Tipo de Inmueble': 'Oficina'}, {'Estado': 'Usado'}, {'Baños': '5'}, {'Área Construida': '427 m2'}, {'Antigüedad': '1 a 8 años'}, {'Habitaciones': '1'}, {'Parqueaderos': '2'}, {'Área Privada': '427 m2'}, {'Estrato': 'Sin Definir'}, {'Administración': '¡Pregúntale!'}, {'Piso N°': '5'}, {'Cantidad de pisos': '5'}, {'Acepta mascotas': '¡Pregúntale!'}, {'Contrato Mínimo': '¡Pregúntale!'}, {'Documentación requerida': '¡Pregúntale!'}]}",2025-11-20 18:06:04.618833+00:00
https://www.fincaraiz.com.co//apartamento-en-arriendo-en-antiguo-country-bogota/192844584,"{'title': 'Apartamento en Arriendo en Antiguo country, Bogotá', 'pricing': '$ 3.185.000', 'bedrooms': '1 Hab.', 'bathrooms': '1 |  Baño', 'area': '50 |   | m²', 'location': 'Barrios unidos | Barrios Unidos', 'details': [{'Tipo de Inmueble': 'Apartamento'}, {'Estado': 'Usado'}, {'Baños': '1'}, {'Antigüedad': '9 a 15 años'}, {'Habitaciones': '1'}, {'Parqueaderos': '1'}, {'Cantidad de Ambientes': '1'}, {'Área Construida': '50 m2'}, {'Área Privada': '48 m2'}, {'Estrato': '5'}, {'Administración': '$ 615.000'}, {'Piso N°': '3'}, {'Cantidad de Pisos': '1'}, {'Acepta mascotas': '¡Pregúntale!'}, {'Contrato Mínimo': '¡Pregúntale!'}, {'Documentación requerida': '¡Pregúntale!'}]}",2025-11-20 18:06:04.643263+00:00
https://www.fincaraiz.com.co//casa-en-arriendo-en-escuela-de-infanteria-bogota/192723073,"{'title': 'Casa en Arriendo en Escuela de infanteria, Bogotá', 'pricing': '$ 6.000.000', 'bedrooms': '7 Habs.', 'bathrooms': '3 |  Baño | s', 'area': '190 |   | m²', 'location': 'Usaquen | Escuela de infanteria', 'details': [{'Tipo de Inmueble': 'Casa'}, {'Estado': 'Usado'}, {'Baños': '3'}, {'Antigüedad': 'más de 30 años'}, {'Habitaciones': '7'}, {'Parqueaderos': '2'}, {'Cantidad de Ambientes': '¡Pregúntale!'}, {'Área Construida': '190 m2'}, {'Área del terreno': '¡Pregúntale!'}, {'Área Privada': '190 m2'}, {'Estrato': '4'}, {'Piso N°': '¡Pregúntale!'}, {'Cantidad de pisos': '2'}, {'Acepta mascotas': '¡Pregúntale!'}, {'Contrato Mínimo': '¡Pregúntale!'}, {'Documentación requerida': '¡Pregúntale!'}]}",2025-11-20 18:06:04.697093+00:00
https://www.fincaraiz.com.co//local-en-arriendo-en-santa-bibiana-bogota/193007489,"{'title': 'Local en Arriendo en Santa bibiana, Bogotá', 'pricing': '$ 50.000.000', 'bedrooms': '1 |  Ambiente', 'bathrooms': '2 |  Baño | s', 'area': '600 |   | m²', 'location': 'Usaquen | Santa Paula', 'details': [{'Tipo de Inmueble': 'Local'}, {'Estado': 'Usado'}, {'Baños': '2'}, {'Antigüedad': '9 a 15 años'}, {'Habitaciones': '¡Pregúntale!'}, {'Parqueaderos': '¡Pregúntale!'}, {'Cantidad de Ambientes': '1'}, {'Área Construida': '¡Pregúntale!'}, {'Área Privada': '600 m2'}, {'Estrato': '6'}, {'Administración': '¡Pregúntale!'}, {'Piso N°': '1'}, {'Cantidad de Pisos': '1'}, {'Acepta mascotas': '¡Pregúntale!'}, {'Contrato Mínimo': '¡Pregúntale!'}, {'Documentación requerida': '¡Pregúntale!'}]}",2025-11-20 18:06:04.706108+00:00
https://www.fincaraiz.com.co//oficina-en-arriendo-en-la-castellana-bogota/192994685,"{'title': 'Oficina en Arriendo en La castellana, Bogotá', 'pricing': '$ 16.500.000', 'bedrooms': '5 |  Ambiente | s', 'bathrooms': '4 |  Baño | s', 'area': '511 |   | m²', 'location': 'Barrios unidos | La castellana', 'details': [{'Tipo de Inmueble': 'Oficina'}, {'Estado': 'Usado'}, {'Baños': '4'}, {'Área Construida': '511 m2'}, {'Antigüedad': 'más de 30 años'}, {'Habitaciones': '¡Pregúntale!'}, {'Parqueaderos': '5'}, {'Área Privada': '¡Pregúntale!'}, {'Estrato': '5'}, {'Administración': '¡Pregúntale!'}, {'Piso N°': '¡Pregúntale!'}, {'Cantidad de pisos': '¡Pregúntale!'}, {'Acepta mascotas': '¡Pregúntale!'}, {'Contrato Mínimo': '¡Pregúntale!'}, {'Documentación requerida': '¡Pregúntale!'}]}",2025-11-20 18:06:04.729203+00:00
https://www.fincaraiz.com.co//apartamento-en-arriendo-en-mazuren-bogota/193020122,"{'title': 'Apartamento en Arriendo en Mazuren, Bogotá', 'pricing': '$ 5.300.000', 'bedrooms': '3 Habs.', 'bathrooms': '3 |  Baño | s', 'area': '144 |   | m²', 'location': 'Suba | Cantagallo', 'details': [{'Tipo de Inmueble': 'Apartamento'}, {'Estado': 'Usado'}, {'Baños': '3'}, {'Antigüedad': '1 a 8 años'}, {'Habitaciones': '3'}, {'Parqueaderos': '2'}, {'Cantidad de Ambientes': '¡Pregúntale!'}, {'Área Construida': '144 m2'}, {'Área Privada': '144 m2'}, {'Estrato': '5'}, {'Administración': '$ 700.000'}, {'Piso N°': '¡Pregúntale!'}, {'Cantidad de Pisos': '1'}, {'Acepta mascotas': '¡Pregúntale!'}, {'Contrato Mínimo': '¡Pregúntale!'}, {'Documentación requerida': '¡Pregúntale!'}]}",2025-11-20 18:06:04.736723+00:00
https://www.fincaraiz.com.co//consultorio-en-arriendo-en-bella-suiza-bogota/192732215,"{'title': 'Consultorio en Arriendo en Bella suiza, Bogotá', 'pricing': '$ 3.400.000', 'bedrooms': '0 |  Ambiente | s', 'bathrooms': '1 |  Baño', 'area': '40 |   | m²', 'location': 'Usaquen | Altos de Bella Suiza', 'details': [{'Tipo de Inmueble': 'Consultorio'}, {'Estado': 'Usado'}, {'Baños': '1'}, {'Antigüedad': '16 a 30 años'}, {'Habitaciones': '¡Pregúntale!'}, {'Distancia al Mar': '¡Pregúntale!'}, {'Vista al Mar': '¡Pregúntale!'}, {'Parqueaderos': '¡Pregúntale!'}, {'Cantidad de Ambientes': '¡Pregúntale!'}, {'Parqueaderos': '¡Pregúntale!'}, {'Cantidad de Ambientes': '¡Pregúntale!'}, {'Área Construida': '¡Pregúntale!'}, {'Área Privada': '40 m2'}, {'Estrato': '5'}, {'Administración': '$ 503.556'}, {'Piso N°': '¡Pregúntale!'}, {'Cantidad de Pisos': '1'}, {'Acepta mascotas': '¡Pregúntale!'}, {'Contrato Mínimo': '¡Pregúntale!'}, {'Documentación requerida': '¡Pregúntale!'}]}",2025-11-20 18:06:04.754590+00:00
https://www.fincaraiz.com.co//oficina-en-arriendo-en-chico-norte-bogota/192588248,"{'title': 'Oficina en Arriendo en Chico norte, Bogotá', 'pricing': '$ 4.000.000', 'bedrooms': '5 |  Ambiente | s', 'bathrooms': '2 |  Baño | s', 'area': '100 |   | m²', 'location': 'Chapinero | Chicó Reservado', 'details': [{'Tipo de Inmueble': 'Oficina'}, {'Estado': 'Usado'}, {'Baños': '2'}, {'Área Construida': '100 m2'}, {'Antigüedad': 'más de 30 años'}, {'Habitaciones': '¡Pregúntale!'}, {'Parqueaderos': '2'}, {'Área Privada': '100 m2'}, {'Estrato': '6'}, {'Administración': '$ 1.600.000'}, {'Piso N°': '3'}, {'Cantidad de pisos': '¡Pregúntale!'}, {'Acepta mascotas': '¡Pregúntale!'}, {'Contrato Mínimo': '¡Pregúntale!'}, {'Documentación requerida': '¡Pregúntale!'}]}",2025-11-20 18:06:04.760784+00:00
https://www.fincaraiz.com.co//apartamento-en-arriendo-en-modelia-bogota/192893621,"{'title': 'Apartamento en Arriendo en Modelia, Bogotá', 'pricing': '$ 1.500.000', 'bedrooms': '3 Habs.', 'bathrooms': '2 |  Baño | s', 'area': '64 |   | m²', 'location': 'Modelia', 'details': [{'Tipo de Inmueble': 'Apartamento'}, {'Estado': 'Usado'}, {'Baños': '2'}, {'Antigüedad': '9 a 15 años'}, {'Habitaciones': '3'}, {'Distancia al Mar': '¡Pregúntale!'}, {'Vista al Mar': '¡Pregúntale!'}, {'Parqueaderos': '¡Pregúntale!'}, {'Parqueaderos': '¡Pregúntale!'}, {'Cantidad de Ambientes': '3'}, {'Área Construida': '64 m2'}, {'Área Privada': '¡Pregúntale!'}, {'Estrato': '3'}, {'Administración': '$ 217.700'}, {'Piso N°': '3'}, {'Cantidad de Pisos': '1'}, {'Acepta mascotas': '¡Pregúntale!'}, {'Contrato Mínimo': '¡Pregúntale!'}, {'Documentación requerida': '¡Pregúntale!'}]}",2025-11-20 18:06:04.781731+00:00
https://www.fincaraiz.com.co//apartamento-en-arriendo-en-los-rosales-bogota/192790514,"{'title': 'Apartamento en Arriendo en Los rosales, Bogotá', 'pricing': '$ 6.100.000', 'bedrooms': '2 Habs.', 'bathrooms': '2 |  Baño | s', 'area': '133 |   | m²', 'location': 'Chapinero', 'details': [{'Tipo de Inmueble': 'Apartamento'}, {'Estado': 'Usado'}, {'Baños': '2'}, {'Antigüedad': 'más de 30 años'}, {'Habitaciones': '2'}, {'Distancia al Mar': '¡Pregúntale!'}, {'Vista al Mar': '¡Pregúntale!'}, {'Parqueaderos': '1'}, {'Parqueaderos': '1'}, {'Cantidad de Ambientes': '2'}, {'Área Construida': '¡Pregúntale!'}, {'Área Privada': '¡Pregúntale!'}, {'Estrato': '6'}, {'Administración': '$ 1.027.200'}, {'Piso N°': '2'}, {'Cantidad de Pisos': '1'}, {'Acepta mascotas': '¡Pregúntale!'}, {'Contrato Mínimo': '¡Pregúntale!'}, {'Documentación requerida': '¡Pregúntale!'}]}",2025-11-20 18:06:04.790669+00:00
https://www.fincaraiz.com.co//apartaestudio-en-arriendo-en-santa-barbara-bogota/192822174,"{'title': 'Apartaestudio en Arriendo en Santa Barbara, Bogotá', 'pricing': '$ 3.800.000', 'bedrooms': '1 Hab.', 'bathrooms': '1 |  Baño', 'area': '41 |   | m²', 'location': 'Usaquen | Santa barbara occidental', 'details': [{'Tipo de Inmueble': 'Apartaestudio'}, {'Estado': 'Usado'}, {'Baños': '1'}, {'Antigüedad': '16 a 30 años'}, {'Habitaciones': '1'}, {'Distancia al Mar': '¡Pregúntale!'}, {'Vista al Mar': '¡Pregúntale!'}, {'Parqueaderos': '1'}, {'Parqueaderos': '1'}, {'Cantidad de Ambientes': '1'}, {'Área Construida': '41 m2'}, {'Área Privada': '41 m2'}, {'Estrato': '6'}, {'Administración': '¡Pregúntale!'}, {'Piso N°': '5'}, {'Cantidad de Pisos': '1'}, {'Acepta mascotas': '¡Pregúntale!'}, {'Contrato Mínimo': '¡Pregúntale!'}, {'Documentación requerida': '¡Pregúntale!'}]}",2025-11-20 18:06:04.806550+00:00
https://www.fincaraiz.com.co//bodega-en-arriendo-en-montevideo-bogota/192831469,"{'title': 'Bodega en Arriendo en Montevideo, Bogotá', 'pricing': '$ 65.000.000', 'bedrooms': '0 |  Ambiente | s', 'bathrooms': '4 |  Baño | s', 'area': '2814 |   | m²', 'location': 'Montevideo', 'details': [{'Tipo de Inmueble': 'Bodega'}, {'Estado': 'Usado'}, {'Baños': '4'}, {'Antigüedad': 'más de 30 años'}, {'Habitaciones': '¡Pregúntale!'}, {'Distancia al Mar': '¡Pregúntale!'}, {'Vista al Mar': '¡Pregúntale!'}, {'Parqueaderos': '4'}, {'Cantidad de Ambientes': '¡Pregúntale!'}, {'Parqueaderos': '4'}, {'Cantidad de Ambientes': '¡Pregúntale!'}, {'Área Construida': '2.814 m2'}, {'Área Privada': '2.814 m2'}, {'Estrato': 'Sin Definir'}, {'Piso N°': '¡Pregúntale!'}, {'Cantidad de pisos': '¡Pregúntale!'}, {'Acepta mascotas': '¡Pregúntale!'}, {'Contrato Mínimo': '¡Pregúntale!'}, {'Documentación requerida': '¡Pregúntale!'}]}",2025-11-20 18:06:04.819370+00:00
https://www.fincaraiz.com.co//apartaestudio-en-arriendo-en-colina-campestre-bogota/193033905,"{'title': 'Apartaestudio en Arriendo en Colina Campestre, Bogotá', 'pricing': '$ 2.300.000', 'bedrooms': '1 Hab.', 'bathrooms': '1 |  Baño', 'area': '34 |   | m²', 'location': 'Suba | Centro Comercial Parque La Colina', 'details': [{'Tipo de Inmueble': 'Apartaestudio'}, {'Estado': 'Usado'}, {'Baños': '1'}, {'Antigüedad': '1 a 8 años'}, {'Habitaciones': '1'}, {'Parqueaderos': '1'}, {'Área Construida': '34 m2'}, {'Área Privada': '34 m2'}, {'Estrato': '5'}, {'Administración': '¡Pregúntale!'}, {'Piso N°': '¡Pregúntale!'}, {'Cantidad de Pisos': '1'}, {'Acepta mascotas': '¡Pregúntale!'}, {'Contrato Mínimo': '¡Pregúntale!'}, {'Documentación requerida': '¡Pregúntale!'}]}",2025-11-20 18:06:04.846737+00:00
https://www.fincaraiz.com.co//edificio-en-arriendo-en-la-castellana-bogota/192890904,"{'title': 'Edificio en Arriendo en La castellana, Bogotá', 'pricing': '$ 42.000.000', 'bedrooms': '1 Hab', 'bathrooms': '10 |  Baño | s', 'area': '1047.63 |   | m²', 'location': 'Barrios unidos | La castellana', 'details': [{'Tipo de Inmueble': 'Edificio'}, {'Estado': 'Usado'}, {'Baños': '10'}, {'Antigüedad': '9 a 15 años'}, {'Parqueaderos': '8'}, {'Área Construida': '1.047,63 m2'}, {'Área Privada': '1,05 m2'}, {'M² de terraza': '¡Pregúntale!'}, {'Estrato': '4'}, {'Piso N°': '¡Pregúntale!'}, {'Cantidad de pisos': '¡Pregúntale!'}, {'Acepta mascotas': '¡Pregúntale!'}, {'Contrato Mínimo': '¡Pregúntale!'}, {'Documentación requerida': '¡Pregúntale!'}]}",2025-11-20 18:06:04.855184+00:00
https://www.fincaraiz.com.co//apartamento-en-arriendo-en-el-refugio-bogota/193043714,"{'title': 'Apartamento en Arriendo en El refugio, Bogotá', 'pricing': '$ 10.800.000', 'bedrooms': '3 Habs.', 'bathrooms': '4 |  Baño | s', 'area': '175 |   | m²', 'location': 'El refugio', 'details': [{'Tipo de Inmueble': 'Apartamento'}, {'Estado': 'Usado'}, {'Baños': '4'}, {'Antigüedad': '16 a 30 años'}, {'Habitaciones': '3'}, {'Distancia al Mar': '¡Pregúntale!'}, {'Vista al Mar': '¡Pregúntale!'}, {'Parqueaderos': '2'}, {'Parqueaderos': '2'}, {'Cantidad de Ambientes': '3'}, {'Área Construida': '175 m2'}, {'Área Privada': '175 m2'}, {'Estrato': '6'}, {'Administración': '¡Pregúntale!'}, {'Piso N°': '6'}, {'Cantidad de Pisos': '1'}, {'Acepta mascotas': '¡Pregúntale!'}, {'Contrato Mínimo': '¡Pregúntale!'}, {'Documentación requerida': '¡Pregúntale!'}]}",2025-11-20 18:06:04.891591+00:00
https://www.fincaraiz.com.co//casa-en-arriendo-en-san-jose-de-bavaria-bogota/192647324,"{'title': 'Casa en Arriendo en San jose de bavaria, Bogotá', 'pricing': '$ 10.500.000', 'bedrooms': '3 Habs.', 'bathrooms': '4 |  Baño | s', 'area': '340 |   | m²', 'location': 'Suba | San jose de bavaria', 'details': [{'Tipo de Inmueble': 'Casa'}, {'Estado': 'Usado'}, {'Baños': '4'}, {'Antigüedad': '16 a 30 años'}, {'Habitaciones': '3'}, {'Distancia al Mar': '¡Pregúntale!'}, {'Vista al Mar': '¡Pregúntale!'}, {'Parqueaderos': '3'}, {'Parqueaderos': '3'}, {'Cantidad de Ambientes': '3'}, {'Área Construida': '340 m2'}, {'Área del terreno': '340 m2'}, {'Área Privada': '207 m2'}, {'Estrato': '6'}, {'Piso N°': '¡Pregúntale!'}, {'Cantidad de pisos': '¡Pregúntale!'}, {'Acepta mascotas': '¡Pregúntale!'}, {'Contrato Mínimo': '¡Pregúntale!'}, {'Documentación requerida': '¡Pregúntale!'}]}",2025-11-20 18:06:04.902325+00:00
https://www.fincaraiz.com.co//apartamento-en-arriendo-en-los-rosales-bogota/192512754,"{'title': 'Apartamento en Arriendo en Los rosales, Bogotá', 'pricing': '$ 5.200.000', 'bedrooms': '1 Hab.', 'bathrooms': '1 |  Baño', 'area': '55 |   | m²', 'location': 'Bellavista', 'details': [{'Tipo de Inmueble': 'Apartamento'}, {'Estado': 'Usado'}, {'Baños': '1'}, {'Antigüedad': 'más de 30 años'}, {'Habitaciones': '1'}, {'Distancia al Mar': '¡Pregúntale!'}, {'Vista al Mar': '¡Pregúntale!'}, {'Parqueaderos': '1'}, {'Parqueaderos': '1'}, {'Cantidad de Ambientes': '¡Pregúntale!'}, {'Área Construida': '¡Pregúntale!'}, {'Área Privada': '55 m2'}, {'Estrato': '6'}, {'Administración': '¡Pregúntale!'}, {'Piso N°': '10'}, {'Cantidad de Pisos': '1'}, {'Acepta mascotas': '¡Pregúntale!'}, {'Contrato Mínimo': '¡Pregúntale!'}, {'Documentación requerida': '¡Pregúntale!'}]}",2025-11-20 18:06:04.930504+00:00
https://www.fincaraiz.com.co//oficina-en-arriendo-en-quinta-paredes-bogota/192915513,"{'title': 'Oficina en Arriendo en Quinta paredes, Bogotá', 'pricing': '$ 3.500.000', 'bedrooms': '0 |  Ambiente | s', 'bathrooms': '1 |  Baño', 'area': '30 |   | m²', 'location': 'Teusaquillo | Quinta paredes', 'details': [{'Tipo de Inmueble': 'Oficina'}, {'Estado': 'Usado'}, {'Baños': '1'}, {'Antigüedad': '9 a 15 años'}, {'Habitaciones': '¡Pregúntale!'}, {'Parqueaderos': '¡Pregúntale!'}, {'Cantidad de Ambientes': '¡Pregúntale!'}, {'Área Construida': '¡Pregúntale!'}, {'Área Privada': '¡Pregúntale!'}, {'Estrato': '4'}, {'Administración': '¡Pregúntale!'}, {'Piso N°': '1'}, {'Cantidad de Pisos': '1'}, {'Acepta mascotas': '¡Pregúntale!'}, {'Contrato Mínimo': '¡Pregúntale!'}, {'Documentación requerida': '¡Pregúntale!'}]}",2025-11-20 18:06:04.972880+00:00
https://www.fincaraiz.com.co//apartamento-en-arriendo-en-chico-norte-bogota/193057665,"{'title': 'Apartamento en Arriendo en Chico norte, Bogotá', 'pricing': '$ 3.400.000', 'bedrooms': '1 Hab.', 'bathrooms': '1 |  Baño', 'area': '53 |   | m²', 'location': 'Chicó Reservado', 'details': [{'Tipo de Inmueble': 'Apartamento'}, {'Estado': 'Usado'}, {'Baños': '1'}, {'Antigüedad': '¡Pregúntale!'}, {'Habitaciones': '1'}, {'Parqueaderos': '¡Pregúntale!'}, {'Área Construida': '53 m2'}, {'Área Privada': '¡Pregúntale!'}, {'Estrato': '6'}, {'Administración': '¡Pregúntale!'}, {'Piso N°': '¡Pregúntale!'}, {'Cantidad de Pisos': '1'}, {'Acepta mascotas': '¡Pregúntale!'}, {'Contrato Mínimo': '¡Pregúntale!'}, {'Documentación requerida': '¡Pregúntale!'}]}",2025-11-20 18:06:05.059799+00:00
https://www.fincaraiz.com.co//apartaestudio-en-arriendo-en-bosque-de-pinos-bogota/193012996,"{'title': 'Apartaestudio en Arriendo en Bosque de pinos, Bogotá', 'pricing': '$ 2.000.000', 'bedrooms': '1 Hab.', 'bathrooms': '1 |  Baño', 'area': '47 |   | m²', 'location': 'Usaquen | Bosque de pinos', 'details': [{'Tipo de Inmueble': 'Apartaestudio'}, {'Estado': 'Usado'}, {'Baños': '1'}, {'Antigüedad': '1 a 8 años'}, {'Habitaciones': '1'}, {'Distancia al Mar': '¡Pregúntale!'}, {'Vista al Mar': '¡Pregúntale!'}, {'Parqueaderos': '1'}, {'Parqueaderos': '1'}, {'Cantidad de Ambientes': '¡Pregúntale!'}, {'Área Construida': '47 m2'}, {'Área Privada': '47 m2'}, {'Estrato': '4'}, {'Administración': '¡Pregúntale!'}, {'Piso N°': '4'}, {'Cantidad de Pisos': '3'}, {'Acepta mascotas': '¡Pregúntale!'}, {'Contrato Mínimo': '¡Pregúntale!'}, {'Documentación requerida': '¡Pregúntale!'}]}",2025-11-20 18:06:05.091338+00:00
https://www.fincaraiz.com.co//apartamento-en-arriendo-en-los-rosales-bogota/193054377,"{'title': 'Apartamento en Arriendo en Los rosales, Bogotá', 'pricing': '$ 8.000.000', 'bedrooms': '2 Habs.', 'bathrooms': '3 |  Baño | s', 'area': '102 |   | m²', 'location': 'Chapinero', 'details': [{'Tipo de Inmueble': 'Apartamento'}, {'Estado': 'Usado'}, {'Baños': '3'}, {'Antigüedad': '9 a 15 años'}, {'Habitaciones': '2'}, {'Parqueaderos': '2'}, {'Área Construida': '102 m2'}, {'Área Privada': '102 m2'}, {'Estrato': '5'}, {'Administración': '¡Pregúntale!'}, {'Piso N°': '¡Pregúntale!'}, {'Cantidad de Pisos': '1'}, {'Acepta mascotas': '¡Pregúntale!'}, {'Contrato Mínimo': '¡Pregúntale!'}, {'Documentación requerida': '¡Pregúntale!'}]}",2025-11-20 18:06:05.171196+00:00
https://www.fincaraiz.com.co//apartamento-en-arriendo-en-lagos-de-torca-bogota/193043674,"{'title': 'Apartamento en Arriendo en Lagos de Torca, Bogotá', 'pricing': '$ 1.414.000', 'bedrooms': '2 Habs.', 'bathrooms': '1 |  Baño', 'area': '40 |   | m²', 'location': 'Suba | Casablanca suba i', 'details': [{'Tipo de Inmueble': 'Apartamento'}, {'Estado': 'Nuevo'}, {'Baños': '1'}, {'Antigüedad': 'menor a 1 año'}, {'Habitaciones': '2'}, {'Distancia al Mar': '¡Pregúntale!'}, {'Vista al Mar': '¡Pregúntale!'}, {'Parqueaderos': '¡Pregúntale!'}, {'Parqueaderos': '¡Pregúntale!'}, {'Cantidad de Ambientes': '2'}, {'Área Construida': '40 m2'}, {'Área Privada': '40 m2'}, {'Estrato': '3'}, {'Administración': '$ 186.000'}, {'Piso N°': '¡Pregúntale!'}, {'Cantidad de Pisos': '1'}, {'Acepta mascotas': '¡Pregúntale!'}, {'Contrato Mínimo': '¡Pregúntale!'}, {'Documentación requerida': '¡Pregúntale!'}]}",2025-11-20 18:06:05.206678+00:00
https://www.fincaraiz.com.co//apartaestudio-en-arriendo-en-las-aguas-bogota/191974102,"{'title': 'Apartaestudio en  Arriendo en Las aguas, Bogotá', 'pricing': '$ 2.200.000', 'bedrooms': '1 Hab.', 'bathrooms': '1 |  Baño', 'area': '28 |   | m²', 'location': 'Santafe | Las aguas', 'details': [{'Tipo de Inmueble': 'Apartaestudio'}, {'Estado': 'Usado'}, {'Baños': '1'}, {'Área Construida': '28 m2'}, {'Antigüedad': '9 a 15 años'}, {'Habitaciones': '1'}, {'Parqueaderos': '¡Pregúntale!'}, {'Área Privada': '¡Pregúntale!'}, {'Estrato': '3'}, {'Administración': '¡Pregúntale!'}, {'Piso N°': '¡Pregúntale!'}, {'Cantidad de pisos': '¡Pregúntale!'}, {'Acepta mascotas': '¡Pregúntale!'}, {'Contrato Mínimo': '¡Pregúntale!'}, {'Documentación requerida': '¡Pregúntale!'}]}",2025-11-20 18:06:05.264354+00:00
https://www.fincaraiz.com.co//apartaestudio-en-arriendo-en-bosque-calderon-bogota/192966445,"{'title': 'Apartaestudio en Arriendo en Bosque calderon, Bogotá', 'pricing': '$ 2.400.000', 'bedrooms': '1 Hab.', 'bathrooms': '1 |  Baño', 'area': '47 |   | m²', 'location': 'Ingemar', 'details': [{'Tipo de Inmueble': 'Apartaestudio'}, {'Estado': 'Usado'}, {'Baños': '1'}, {'Antigüedad': '16 a 30 años'}, {'Habitaciones': '1'}, {'Distancia al Mar': '¡Pregúntale!'}, {'Vista al Mar': '¡Pregúntale!'}, {'Parqueaderos': '1'}, {'Parqueaderos': '1'}, {'Cantidad de Ambientes': '1'}, {'Área Construida': '¡Pregúntale!'}, {'Área Privada': '¡Pregúntale!'}, {'Estrato': '4'}, {'Administración': '$ 466.000'}, {'Piso N°': '¡Pregúntale!'}, {'Cantidad de Pisos': '1'}, {'Acepta mascotas': '¡Pregúntale!'}, {'Contrato Mínimo': '¡Pregúntale!'}, {'Documentación requerida': '¡Pregúntale!'}]}",2025-11-20 18:06:05.315338+00:00
https://www.fincaraiz.com.co//apartamento-en-arriendo-en-la-felicidad-bogota/193053671,"{'title': 'Apartamento en Arriendo en La felicidad, Bogotá', 'pricing': '$ 1.800.000', 'bedrooms': '2 Habs.', 'bathrooms': '2 |  Baño | s', 'area': '32 |   | m²', 'location': 'La felicidad', 'details': [{'Tipo de Inmueble': 'Apartamento'}, {'Estado': 'Usado'}, {'Baños': '2'}, {'Antigüedad': '1 a 8 años'}, {'Habitaciones': '2'}, {'Parqueaderos': '¡Pregúntale!'}, {'Área Construida': '32 m2'}, {'Área Privada': '32 m2'}, {'Estrato': '4'}, {'Administración': '$ 166.700'}, {'Piso N°': '1'}, {'Cantidad de Pisos': '1'}, {'Acepta mascotas': '¡Pregúntale!'}, {'Contrato Mínimo': '¡Pregúntale!'}, {'Documentación requerida': '¡Pregúntale!'}]}",2025-11-20 18:06:05.403561+00:00
https://www.fincaraiz.com.co//apartaestudio-en-arriendo-en-el-chico-bogota/193073994,"{'title': 'Apartaestudio en Arriendo en El chico, Bogotá', 'pricing': '$ 4.600.000', 'bedrooms': '1 Hab.', 'bathrooms': '1 |  Baño', 'area': '65 |   | m²', 'location': 'El chico', 'details': [{'Tipo de Inmueble': 'Apartaestudio'}, {'Estado': 'Usado'}, {'Baños': '1'}, {'Antigüedad': '¡Pregúntale!'}, {'Habitaciones': '1'}, {'Parqueaderos': '1'}, {'Área Construida': '65 m2'}, {'Área Privada': '65 m2'}, {'Estrato': '6'}, {'Administración': '¡Pregúntale!'}, {'Piso N°': '¡Pregúntale!'}, {'Cantidad de Pisos': '1'}, {'Acepta mascotas': '¡Pregúntale!'}, {'Contrato Mínimo': '¡Pregúntale!'}, {'Documentación requerida': '¡Pregúntale!'}]}",2025-11-20 18:06:05.652978+00:00
https://www.fincaraiz.com.co//local-en-arriendo-en-las-nieves-bogota/192728558,"{'title': 'Local en Arriendo en Las nieves, Bogotá', 'pricing': '$ 10.000.000', 'bedrooms': '2 |  Ambiente | s', 'bathrooms': '3 |  Baño | s', 'area': '224 |   | m²', 'location': 'Santafe | Las nieves', 'details': [{'Tipo de Inmueble': 'Local'}, {'Estado': 'Usado'}, {'Baños': '3'}, {'Antigüedad': '16 a 30 años'}, {'Parqueaderos': '¡Pregúntale!'}, {'Cantidad de Ambientes': '2'}, {'Área Construida': '224 m2'}, {'Área Privada': '224 m2'}, {'Estrato': '3'}, {'Administración': '¡Pregúntale!'}, {'Piso N°': '¡Pregúntale!'}, {'Cantidad de Pisos': '1'}, {'Acepta mascotas': '¡Pregúntale!'}, {'Contrato Mínimo': '¡Pregúntale!'}, {'Documentación requerida': '¡Pregúntale!'}]}",2025-11-20 18:06:05.748239+00:00
https://www.fincaraiz.com.co//apartamento-en-arriendo-en-cedritos-bogota/192786478,"{'title': 'Apartamento en Arriendo en Cedritos, Bogotá', 'pricing': '$ 1.950.000', 'bedrooms': '1 Hab.', 'bathrooms': '1 |  Baño', 'area': '29 |   | m²', 'location': 'Usaquen | Los cedros', 'details': [{'Tipo de Inmueble': 'Apartamento'}, {'Estado': 'Nuevo'}, {'Baños': '1'}, {'Antigüedad': '1 a 8 años'}, {'Habitaciones': '1'}, {'Parqueaderos': '1'}, {'Área Construida': '29 m2'}, {'Área Privada': '27 m2'}, {'Estrato': '4'}, {'Administración': '$ 450.000'}, {'Piso N°': '¡Pregúntale!'}, {'Cantidad de Pisos': '1'}, {'Acepta mascotas': '¡Pregúntale!'}, {'Contrato Mínimo': '¡Pregúntale!'}, {'Documentación requerida': '¡Pregúntale!'}]}",2025-11-20 18:06:05.961964+00:00
https://www.fincaraiz.com.co//apartamento-en-arriendo-en-santa-maria-del-lago-bogota/193077447,"{'title': 'Apartamento en Arriendo en Santa Maria del Lago, Bogotá', 'pricing': '$ 2.800.000', 'bedrooms': '3 Habs.', 'bathrooms': '2 |  Baño | s', 'area': '78 |   | m²', 'location': 'Boyaca', 'details': [{'Tipo de Inmueble': 'Apartamento'}, {'Estado': 'Usado'}, {'Baños': '2'}, {'Antigüedad': '9 a 15 años'}, {'Habitaciones': '3'}, {'Distancia al Mar': '¡Pregúntale!'}, {'Vista al Mar': '¡Pregúntale!'}, {'Parqueaderos': '1'}, {'Parqueaderos': '1'}, {'Cantidad de Ambientes': '3'}, {'Área Construida': '78 m2'}, {'Área Privada': '78 m2'}, {'Estrato': '3'}, {'Administración': '¡Pregúntale!'}, {'Piso N°': '¡Pregúntale!'}, {'Cantidad de Pisos': '1'}, {'Acepta mascotas': '¡Pregúntale!'}, {'Contrato Mínimo': '¡Pregúntale!'}, {'Documentación requerida': '¡Pregúntale!'}]}",2025-11-20 18:06:06.008077+00:00
https://www.fincaraiz.com.co//local-en-arriendo-en-unicentro-bogota-bogota/192716572,"{'title': 'Local en Arriendo en Unicentro Bogotá, Bogotá', 'pricing': '$ 35.000.000', 'bedrooms': '0 |  Ambiente | s', 'bathrooms': '1 |  Baño', 'area': '73.79 |   | m²', 'location': 'Usaquen | Santa barbara central', 'details': [{'Tipo de Inmueble': 'Local'}, {'Estado': 'Usado'}, {'Baños': '1'}, {'Antigüedad': 'menor a 1 año'}, {'Habitaciones': '¡Pregúntale!'}, {'Distancia al Mar': '¡Pregúntale!'}, {'Vista al Mar': '¡Pregúntale!'}, {'Parqueaderos': '1'}, {'Cantidad de Ambientes': '¡Pregúntale!'}, {'Parqueaderos': '1'}, {'Cantidad de Ambientes': '¡Pregúntale!'}, {'Área Construida': '73,79 m2'}, {'Área Privada': '73,79 m2'}, {'Estrato': '6'}, {'Administración': '$ 1.856.300'}, {'Piso N°': '¡Pregúntale!'}, {'Cantidad de Pisos': '1'}, {'Acepta mascotas': '¡Pregúntale!'}, {'Contrato Mínimo': '¡Pregúntale!'}, {'Documentación requerida': '¡Pregúntale!'}]}",2025-11-20 18:06:06.325078+00:00
https://www.fincaraiz.com.co//apartaestudio-en-arriendo-en-las-nieves-bogota/192901073,"{'title': 'Apartaestudio en Arriendo en Las nieves, Bogotá', 'pricing': '$ 1.550.000', 'bedrooms': '1 Hab.', 'bathrooms': '1 |  Baño', 'area': '23 |   | m²', 'location': 'Santafe | Las nieves', 'details': [{'Tipo de Inmueble': 'Apartaestudio'}, {'Estado': 'Usado'}, {'Baños': '1'}, {'Área Construida': '23 m2'}, {'Antigüedad': 'menor a 1 año'}, {'Habitaciones': '1'}, {'Parqueaderos': '¡Pregúntale!'}, {'Área Privada': '21 m2'}, {'Estrato': '3'}, {'Administración': '¡Pregúntale!'}, {'Piso N°': '2'}, {'Cantidad de pisos': '¡Pregúntale!'}, {'Acepta mascotas': '¡Pregúntale!'}, {'Contrato Mínimo': '¡Pregúntale!'}, {'Documentación requerida': '¡Pregúntale!'}]}",2025-11-20 18:06:06.331101+00:00
